,Aaron,Aaron,eb0d,Acts 7:40
,Abaddon,Abaddon,ecd7,Rev 9:11
,Abarim,Abarim,e38b,Num 27:12
,Abdon_man,,e51c,Num 27:12
,Abdon_village,,e605,Num 27:12
,Abeizer,,e557,Num 27:12
,Abel,Abel,ea96,Gen 25:4
,Abel_Beth_Maakah,,e5cb,Gen 25:4
,Abel_Keramim,,e558,Gen 25:4
,Abel_Meholah,,e5c3,Gen 25:4
,Abel_Mizraim,Abel_Mizraïm,efa9,Gen 50:11
,Abiasaph,Abiasaph,e2dd,Exod 6:24
,Abiathar,Abiathar,e35f,Mark 2:26
,Abida,Abida,eef8,Gen 25:4
,Abidah,Abidah,e2f3,Gen 25:4
,Abidan,Abidan,e1f7,Num 1:11
,abide,demeurer,e17b,
,Abiezer,Abiézer,e464,Josh17:2
,Abigail,,e5c4,Josh17:2
,Abihail,Abihaïl,e1f8,Num 3:35
,Abihu,Abihu,e2de,Exod 28:1
,Abijah,Abijah,ea5b,Luke 1:5
,Abilene,Abilène,ec4d,Luke 3:1
,Abimael,Abimaël,e0fb,Gen 10:28
,Abimelech,Abimelek,e0ab,Gen 26:1
,Abinadab,,e4e6,Gen 26:1
,Abinoam,,e56b,Gen 26:1
,Abiram,Abiram,e480,Num 16:1
,Abishag,,e4ac,Num 16:1
,Abiud,Abiud,ea6a,Matt 1:13
,Abner,Abner,e484,1 Sam 14:50
,abomination,abomination,e0a4,
,about,au_sujet_de,e11b,
,above,au_dessus,e110,
,Abraham,Abraham,e373,Matt 1:1
,Abram,Abram,e1d1,Gen 12:1
,Abronah,Abrona,e3d6,Num 33:34
,Absalom,,e4ad,Num 33:34
,Abyss,Abysse,ec4e,Luke 8:31
,according_to,selon,e24d,
,accuse,accuser,e055,
,Achaia,Achaïe,eb7c,Acts 18:12
,Achaicus,Achaïcus,eca5,1 Cor 16:17
,Achan,,e4f5,1 Cor 16:17
,Achim,Achim,ea6e,Matt 1:14
,Achish,Akisch,e45e,1 Sam 21:10
,Achor,,e4cc,1 Sam 21:10
,Adadah,,e4cd,1 Sam 21:10
,Adah,Ada,eda7,Gen 4:19
,Adaiah,,e5f4,Gen 4:19
,Adam_man,,ec4f,Gen 4:19
,Adam_village,,e4f6,Gen 4:19
,Adamah,,e5a1,Gen 4:19
,Adami_Nekeb,,e5b1,Gen 4:19
,Adbeel,Adbeél,e0fe,Gen 25:13
,Addar,,e4ce,Gen 25:13
,Addi,Addi,ec50,Luke 3:28
,Addumim,,e4cf,Luke 3:28
,Adiel,,e5f5,Luke 3:28
,Adithaim,,e4d0,Luke 3:28
,Admah,Admah,eda8,Gen 10:19
,Admin,Admin,ec51,Luke 3:33
,Adoni_Zedek,Adoni_Tsédek,e427,Josh 10:1
,Adonijah,,e4ae,Josh 10:1
,adopt,adopter,e177,
,Adramyttium,Adramytte,eb93,Acts 27:2
,Adriatic_Sea,Adriatique_Mer,ec17,Acts 27:27
,Adriel,,e5c5,Acts 27:27
,Adullam,Adullam,efaa,Gen 38:1
,adultery,adultère,e027,
,Aeneas,Enée,ec2a,Acts 9:33
,Aenon,Enon,eba1,John 3:23
,afraid,effrayé,e056,
,after,après,e11d,
,Agabus,Agabus,eb89,Acts 11:28
,Agag,Agag,e3e0,Num 24:27
,against,contre,e330,
,Agrippa,Agrippa,eb9d,Acts 25:13
,Ahab,,e60d,Acts 25:13
,Ahasuerus,Assuérus,e48f,Esth 1:1
,Ahaz,Achaz,ea61,Matt 1:9
,Ahiezer,Ahiézer,e2ab,Num 1:12
,Ahihud,Ahihoud,e3e1,Num 34:27
,Ahiman,Ahimân,e2ac,Num 13:22
,Ahimelech,Achimélec,e45f,1 Sam 21:1
,Ahio,,e5f6,1 Sam 21:1
,Ahira,Ahira,e2f4,Num 1:15
,Ahiram,Ahiram,e3a1,Num 26:38
,Ahisamak,Ahisamak,e0bb,Exod 31:6
,Ahlab,,e56c,Exod 31:6
,Ahuzzath,Ahuzath,eda9,Gen 26:26
,Ai,Aï,edaa,Gen 13:3
,Aiah,Aya,e0fd,Gen 36:24
,Aijalon,Ajalon,e428,Josh 10:12
,Ain,Aïn,e3e6,Num 34:11
,air,air,e312,
,Akan,Aqan,efe5,Gen 36:27
,Akbor,Acbor,e0ed,Gen 36:38
,Akkad,Accad,edab,Gen 10:10
,Akko,,e56d,Gen 10:10
,Akkum,,e5f7,Gen 10:10
,Akrabbim,Akrabbim,e3d7,Num 34:4
,Aksah,,e4d1,Num 34:4
,Akshaph,Acschaph,e43b,Josh 12:20
,Akzib,,e48e,Josh 12:20
,alabaster,albâtre,e0d4,
,Alemeth,,e5f8,
,Alexander,Alexandre,ea14,Acts 19:33
,Alexandria,Alexandrie,eb5a,Acts 18:24
,alive,vivant,e09f,
,all,tout,e251,
,Allammelek,,e5a9,
,Allon_Bakuth,le_chêne_des_pleurs,efab,Gen 35:8
,allow,permettre,e04a,
,Almodad,Almodad,edac,Gen 10:26
,Almon,,e4f7,Gen 10:26
,Almon_Diblathaim,Almon_Diblathaïm,e3d8,Num 33:46
,alone,seul,e223,
,Alphaeus,Alphée,ec24,Acts 1:13
,altar,autel,ea3c,Gen 8:20
,Alush,Alus,e3d9,Num 33:13
,Alvah,Alva,efe6,Gen 36:40
,Alvan,Alvân,efe8,Gen 36:23
,always,toujours,e252,
,Amad,,e59a,
,Amalek_man,Amalech_homme,efe9,Gen 36:12
,Amam,,e4d2,Gen 36:12
,Amariah,,e526,Gen 36:12
,amazed,étonné,e14a,
,Amaziah,Amatsia,e450,2 Kgs 12:21
,ambassador,ambassadeur,ebfd,
,amen,amen,e100,
,Amittai,Amittaï,e1cf,Jonah 1:1
,Ammiel,Ammiel,e2ad,Num 13:12
,Ammihud,Ammihoud,e2ae,Num 1:10
,Amminadab,Amminadab,ea51,Matt 1:4
,Ammishaddai,Amishaddai,e2af,Num 1:12
,Ammon,Ammon,edae,Gen 19:38
,Amon,Amon,ea64,Matt 1:10
,Amorites,Amoréens,edaf,Gen 10:16
,Amos,Amos,ec47,Amos
,Amoz,,e5ca,Amos
,Amphipolis,Amphipolis,eb2e,Acts 17:1
,Ampliatus,Amplias,ebb9,Rom 16:8
,Amram,Amram,e2df,Exod 6:18
,Amraphel,Amraphel,edb1,Gen  14:1
,Anab,,e4d3,Gen  14:1
,Anah,Ana,e0ba,Gen 36:2
,Anaharath,,e59b,Gen 36:2
,Anak,Anaq,e2b0,Num 13:22
,Anam,Anamim,edb2,Gen 10:13
,Ananias,Ananias,eb65,Acts 23:2
,Anath,,e56e,Acts 23:2
,Anathoth,,e4f8,Acts 23:2
,ancestor,ancêtre,ec80,
,and,et,e11c,
,Andrew,André,e357,Matt 4:18
,Andronicus,Andronicus,ebba,Rom 16:7
,Aner,Aner,edb3,Gen  14:13
,angel,ange,e0a7,
,anger,colère,e204,
,Anim,,e4d4,
,animal,animal,e102,
,Anna,Anna,eb02,Luke 2:36-38
,Annas,Anne,eb63,Acts 4:6
,anointed,oint,e033,
,another,,ebf2,
,Antichrist,Antéchrist,ed0e,1 John 4:3
,Antioch,Antioche,eb58,Acts 6:5
,Antipas,Antipas,ec01,Rev 2:13
,Antipatris,Antipatris,eb9a,Acts 23:31
,Apelles,Apellès,ebbb,Rom 16:10
,Aphek,Aphek,e43c,Josh 12:18
,Aphekah,,e4d5,Josh 12:18
,Apollonia,Apollonie,eb30,Acts 17:1
,Apollos,Apollos,eb3e,Acts 18:24
,apostle,apôtre,ebef,
,Apphia,Apphia,ecf1,Phil 1:2
,appointed,nommé,e041,
,Aquila,Aquilas,eb17,Acts 18:2
,Ar,Ar,e3a2,Num 21:15
,Arab,,e4d6,Num 21:15
,Arabia,Arabie,eb77,Gal 1:17
,Arad_man,Arad_homme,e3a3,1 Chr 8:15
,Arad_village,Arad_village,e3e7,Num 33:40
,Arah,,e545,Num 33:40
,Aram_man,Aram_homme,edb4,Gen 10:22
,Aran,Aran,e0fa,Gen 36:28
,Ararat,Ararat,edb5,Gen 8:4
,Archippus,Archippe,ece7,Col 4:17
,Ard,Ard,e0ff,Gen 46:21
,Areli,Areéli,efac,Gen 46:16
,Areopagus,Aréopage,ec35,Acts 17:19
,Aretas,Arétas,eca6,2 Cor 11:32
,Argob,Argob,e495,Deut 3:4
,argument,dispute,e057,
,Arimathea,Arimathée,e34d,Matt 27:57
,Arioch,Arjoc,edb6,Gen  14:1
,arise,s’élever,e322,
,Aristarchus,Aristarque,ec10,Acts 20:3
,Aristobulus,Aristobule,ebbc,Rom 16:10
,Arkites,Arkiens,edb7,Gen 10:17
,arm,bras,e14e,
,armor,armure,ebbd,
,Arni,Arni,ec52,Luke 3:33
,Arnon,Arnon,e2f5,Num 21:13
,Arodi,Arodi,e168,Gen 46:16
,Aroer,Aroër,e3c5,Num 32:34
,around,autour,e31b,
,Arphaxad,Arpacschad,ec53,Luke 3:36
,arrow,flèche,ecbf,
,Artemas,Artémas,ec34,Acts 19:24
,Arumah,,e56f,Acts 19:24
,Arvad,Arvad,edb8,Gen 10:18
,Asa,Asa,ea5c,Matt 1:7
,Asaiah,,e5f9,Matt 1:7
,Asaph,,e5fa,Matt 1:7
,Asenath,Asnath,efad,Gen 41:45
,ash,cendre,ea90,
,ashamed,honte_(avoir),e05f,
,Ashan,,e4d7,
,Ashbel,Aschbel,efae,Gen 46:21
,Ashdod,Asdod,e451,Josh 11:22
,Asher_land,,e606,Josh 11:22
,Asher_man,,ebde,Josh 11:22
,Asherah,idoles,e0bc,Exod 34:13
,Ashhur,Aschchur,ebdd,1 Chr 2:24
,Ashkelon,Askalon,e570,Judg 1:18
,Ashkenaz,Aschkenaz,edb9,Gen 10:3
,Ashnah,,e4d8,Gen 10:3
,Ashtiroth_Karnaim,,edba,Gen 10:3
,Ashur_land,Aser_région,e0ef,Josh 17:7
,Ashur_man,Assur_homme,edbb,Gen 10:22
,Asia,Asie,eb6f,Acts 6:9
,Asriel,Asriel,e3a4,Num 26:31
,Asshurites,Aschurim,e1ef,Gen 25:3
,Assir,Assir,e2bf,Exod 6:24
,Assos,Assos,eb20,Acts 20:13
,assurance,assurance,e070,
,Assyria,Assur,edbc,Gen 10:11
,Asyncritius,Asyncrite,ebbe,Rom 16:14
,Atad,Athad,efaf,Gen 50:10
,Ataroth,Atharoth,e3c6,Num 32:3
,Ataroth_Addar,Atharoth_Addar,e465,Josh 16:5
,Ataroth_Shophan,Athroth_Schophan,e3c7,Num 32:35
,Atharim,Atharim,e3a5,Num 21:1
,Athens,Athènes,eb07,Acts 17:15
,Attalia,Attalie,eb31,Acts 14:25
,authority,autorité,e034,
,avenge,venger,ed0c,
,Avith,Avith,efea,Gen 36:35
,Avvites,Avva,e496,2 Kgs 17:31
,awake,réveiller,ec54,
,away,loin_de,e11e,
,Azekah,Azéka,e42a,Josh 10:10
,Azel,,e5fb,Josh 10:10
,Azmaveth_man,,e5fc,Josh 10:10
,Azmaveth_village,,e5c7,Josh 10:10
,Azmon,Atsmon,e3da,Num 34:5
,Azor,Azor,ea6c,Matt 1:14
,Azotus,Azot,eb7e,Acts 8:40
,Azrikam,,e5fd,Acts 8:40
,Azzan,Azzan,e3e2,Num 34:26
,Baal,Baal,ebbf,Rom 11:4
,Baal_Gad,Baal_Gad,e44b,Josh 11:17
,Baal_Hanan,Baal_Hanan,e169,Gen 36:38
,Baal_man,,e5fe,Gen 36:38
,Baal_Meon,Baal_Meon,e3c8,Num 32:38
,Baal_Zephon,Baal_Tsephon,e0bd,Exod 14:2
,Baalah,,e4d9,Exod 14:2
,Baanah,Baanna,e488,2 Sam 4:2
,Baasha,,e5cc,2 Sam 4:2
,baby,bébé,e0a6,
,Babylon,Babylone,ea67,Acts 7:43
,backward,en_arrière,e325,
,bad,mauvais,e17d,
,bag,sac,e26f,
,Bakbakkar,,e5ff,
,Balaam,Balaam,eca1,2 Pet 2:15
,Balak,Balak,ebff,Rev 2:14
,Bamoth_land,Bamoth_région,e3c0,Num 21:19
,Bamoth_man,,e2f6,Num 21:19
,Bani,,e600,Num 21:19
,bank,banque,ec55,
,banner,bannière,e2b1,
,baptize,baptiser,e24a,
,Barabbas,Barabbas,e36d,Matt 27:16
,Barachiah,Barachie,ea97,Matt 23:35
,Barak,Barak,ed02,Heb 11:32
,Barnabas,Barnabas,ec2f,Acts 9:27
,Barsabbas,Barsabas,eb69,"Acts 15:22,27"
,Bartholomew,Barthélemy,e362,Matt 10:3
,Bartimaeus,Bartimée,e36b,Mark 10:46
,Basemath,Basmath,edbd,Gen 26:34
,Bashan,Basan,e3a6,Num 21:33
,basket,panier,e19f,
,Bathsheba,,e4af,
,Bealoth,,e4da,
,bear,porter,ecef,
,bear_with,supporter,e227,
,beast,bête,e103,
,beat,battre,e0e4,
,beauty,beauté,ea4a,
,because,parce_que,e066,
,become_person,devenir_personne,e83a,
,become_thing,devenir_chose,e839,
,bed,lit,e122,
,Bedad,Bedad,e1ee,Gen 36:35
,Beer,Beer,e3a7,Num 21:16
,Beer_Lahai_Roi,Lachaí_roí,eef9,Gen 16:14
,Beeri,Beéri,edbe,Gen 26:34
,Beeroth,Beéroth,e42b,Deut 10:6
,Beersheba,Beer_schéba,edbf,Gen 26:33
,before,avant,e107,
,beg,supplier,e21e,
,behind,derrière,e116,
,Beker,Béker,efb1,Gen 46:21
,Bela_man,Béla_homme,e1ed,Gen 14:2
,Bela_village,Béla_village,edc1,Gen 14:8
,believe,croire,e06f,
,bell,sonnette,e0be,
,belt,ceinture,e29d,
,Ben_Ammi,Ben_Ammi,edc2,Gen 19:38
,Ben_Hadad,Ben_Hadad,e453,1 Kgs 15:18
,Ben_Hinnom,,e4db,1 Kgs 15:18
,Ben_oni,Ben_Oni,e1a4,Gen 35:18
,Benaiah,,e4b0,Gen 35:18
,Bene_Berak,,e59c,Gen 35:18
,Bene_Jaakan,Bené__Jaakan,e3db,Num 33:31
,Benjamin_land,,e5cd,Num 33:31
,Benjamin_man,,eb4b,Num 33:31
,Beon,Beon,e3c9,Num 32:3
,Beor,Beor,eda3,Gen 36:32
,Bera,Béra,edc3,Gen 14:2
,Berea,Bérée,eb13,Acts 17:10
,Bered_city,Bared_ville,e2d0,Gen 16:14
,Bered_man,Béred_homme,efb2,I Chr 7:20
,Beriah,Beria,efb3,Gen 46:17
,Bernice,Bérénice,eb9e,Acts 25:13
,beside,près_de,e117,
,best,meilleur,e21f,
,Beten,,e59d,
,Beth_Anath,,e4dc,
,Beth_Arabah,,e4b8,
,Beth_Aven,,e546,
,Beth_Baal_Meon,,e547,
,Beth_Barah,,e571,
,Beth_Dagon,,e4b9,
,Beth_Eden,Beth_Eden,e454,Amos 1:5
,Beth_Emek,,e59e,Amos 1:5
,Beth_Ezel,,e43a,Amos 1:5
,Beth_Haran,Beth_Haran,e479,Num 32:36
,Beth_Hoglah,,e4ba,Num 32:36
,Beth_Horon,Beth_Horon,e42c,Josh 10:10
,Beth_Jeshimoth,Beth_Jeschimoth,e3dc,Num 33:49
,Beth_Leaphrah,,e491,Num 33:49
,Beth_Markaboth,,e59f,Num 33:49
,Beth_Millo,,e572,Num 33:49
,Beth_Pazzez,,e5a0,Num 33:49
,Beth_Pelet,,e4bb,Num 33:49
,Beth_Peor,Beth_Peor,e423,Deut 3:29
,Beth_Shan,,e4e7,Deut 3:29
,Beth_Shemesh,,e4f9,Deut 3:29
,Beth_Shittah,,e573,Deut 3:29
,Bethany,Béthanie,e349,Matt  21:17
,Bethel,Béthel,edc4,Gen 12:8
,Bethesda,Béthesda,eba0,John 5:2
,Bethlehem,Bethléhem,ea45,Matt 2:1
,Bethphage,Bethphagé,e348,Matt 21:1
,Bethsaida,Bethsaïda,e340,Matt 11:21
,Bethuel_city,Béthuel_ville,e1e0,I Chr 4:30
,Bethuel_man,Bethuel_homme,e1a0,Gen 22:22
,Betonim,,e548,Gen 22:22
,betray,trahir,e195,
,better,mieux,e09e,
,between,entre,e118,
,Bezalel,Betsaleel,e0bf,Exod 31:2
,Bezek,,e574,Exod 31:2
,Bezer,Betser,e466,Deut 4:43
,Bible,Bible,e22c,
,big,grand,e120,
,Bigthana,Bigthan,e492,Esth 6:2
,Bilhah,Bilha,eefa,Gen 29:29
,Bilhan,Bilhan,efeb,Gen 36:27
,Binea,,e601,Gen 36:27
,bird,oiseau,e25c,
,Birsha,Birscha,edc5,Gen 14:2
,birth,naissance,e235,
,Bithynia,Bithynie,eb48,Acts 16:7
,bitter,amer,ecd2,
,Biziothiah,,e4bc,
,black,noir,eb86,
,blasphemy,blasphème,e05b,
,Blastus,Blaste,eb8d,Acts 12:20
,bless,bénir,e05c,
,blessed,béni,ea21,
,blind,aveugle,e192,
,blood,sang,e087,
,blue,blue,ecda,
,boast,braguer,e14b,
,boat,bateau,e265,
,Boaz,Boaz,ea54,Matt 1:5
,body,corp,e143,
,Bohan,,e4bd,
,Bokeru,,e602,
,Bokim,,e575,
,bone,os,e0b2,
,book,livre,e22a,
,bottom,fond,e119,
,bow,arc,e210,
,bow_arrow,arc_flèche,ecc8,
,bowl,bol,e384,
,box,boîte,e29e,
,boy,garçon,e001,
,boys,garçons,e002,
,Bozkath,,e4be,
,Bozrah,Botsra,efec,Gen 36:33
,branch,branche,e246,
,brave,courageux,e196,
,bread,pain,e05d,
,break,briser,e0e1,
,breast,poitrine,e2db,
,breastplate,,ecd5,
,breath,souffle,ecee,
,bribe,pot_de_vin,ebdb,
,brick,brique,eefb,
,bride,,e015,
,bright,brillant,e21b,
,bring,apporter,e088,
,bronze,bronze,eb2c,
,brother,frère,e006,
,brothers,frères,e007,
,build,construire,e17a,
,building,bâtiment,e0a1,
,Bukki,Buki,e3e3,Num 34:22
,burden,fardeau,ec86,
,burn,brûler,ecd0,
,bury,enterrer,e0d7,
,but,mais,e11a,
,buy,acheter,e32a,
,Buz,Buz,e1a5,Gen 22:21
,Caesar,César,e370,Acts 26:32
,Caesarea,Césarée,e346,Matt 16:13
,Caiaphas,Caïphe,ea77,Matt 26:3
,Cainan,Kaïnam,ec56,Luke 3:36
,Calah,Calach,edc6,Gen 10:12
,Caleb,Caleb,e2b2,Num 13:6
,call,appeler,e040,
,camel,chameau,e29f,
,Cana,Cana,eba2,John 2:11
,Canaan_land,Canaan_région,e33d,Acts 7:11
,Canaan_man,Canaan_homme,edc7,Gen 9:18
,Candace,Candace,eb85,Acts 8:27
,Capernaum,Capernaüm,e33a,Matt 4:13
,Caphtorites,Caphtorites,edc8,Gen  10:14
,Cappadocia,Cappadoce,eb74,Acts 2:9
,careful,attention,e19e,
,Carmel,Carmel,e43d,Josh 12:22
,carpenter,charpentier,e14f,
,Carpus,Carpus,ecad,2 Tim 4:13
,case,cause,ec87,Exod 18:22
,catch,attraper,e115,
,Cauda,Clauda,ec36,Acts 27:16
,cave,grotte,eda6,
,Cenchrea,Cenchrées,eb3d,Acts 18:18
,census,recensement,e0b8,
,centurion,centurion,eb7a,
,ceremony,cérémonie,ec88,
,chain,chaîne,e25f,
,chair,chaise,e298,
,Chaldea,Chaldée,eb0e,Jer 50:10
,change,changer,e31e,
,chapter,chapître,e230,
,chariot,chariot,ec82,
,Chemosh,Kemosch,e3a8,Num 21:29
,chew_cud,rumine,e2da,Lev 11:3
,child,enfant,e200,
,children,enfants,e201,
,Chios,Chios,eb22,Acts 20:15
,Chloe,Chloé,ebe2,1 Cor 1:11
,choose,choisir,e021,
,Chorazin,Chorazin,ea8f,Matt 11:21
,Christ,Christ,e334,Matt 1:1
,Christian,Chrétien,eb90,Acts 26:28
,Chronicles,Chroniques,e419,
,church,église,ebfc,
,Chuza,Chuza,ec57,Luke 8:3
,Cilicia,Cilicie,eb5b,Acts 6:9
,circumcise,circonciser,e250,
,citizen,citoyen,eb98,
,Claudia,Claudia,ecae,2 Tim 4:21
,Claudius,Claude,eb8a,Acts 11:28
,clay,argile,ebec,
,clean,nettoyer,e248,
,Clement,Clément,ece3,Phil 4:3
,Cleopas,Cléopas,ec58,Luke 24:18
,cloak,manteau,ea76,
,Clopas,Clopas,ebb5,John 19:25
,closed,fermé,e23f,
,clothe,habiller,e147,
,clothing,vêtement,e253,
,cloud,nuage,e26e,
,Cnidus,Cnide,ec14,Acts 27:7
,cohort,cohorte,e148,
,cold,froid,e0f2,
,color,couleur,e284,
,Colossae,Colosses,ece8,Col 1:2
,come,venir,e25a,
,comfort,réconforter,ea3b,
,command,ordonner,e058,
,complete,complet,ecec,
,concubine,concubine,eefc,
,condemn,condamner,ea7f,
,confuse,confus,eb08,
,control,contrôler,e332,
,Corinth,Corinthe,ea59,Acts 18:1
,Cornelius,Corneille,eb81,Acts 10:1
,corner,coin,eb83,
,cornerstone,pierre_d’angle,e21c,
,correct,correct,e09a,
,Cosam,Kosam,ec59,Luke 3:28
,couch,divan,eb5f,
,council,conseil,e0f7,
,country,pays,e0a2,
,countrymen,compatriotes,e157,
,countryside,campagne,eb96,
,courtyard,cour,e0f6,
,covenant,alliance,e21d,
,cover,couvrir,e39a,
,cow,vache,eb36,
,creation,création,ebc3,
,Creator,Créateur,ec22,Rom 1:25
,Crescan,Crescens,ecaf,2 Tim 4:10
,Crete,Crète,ec8d,Acts 27:7
,Crispus,Crispus,eb3a,Acts 18:8
,crooked,tordu,eb39,
,cross,croix,e038,
,crowd,foule,e128,
,crown,couronne,eda4,
,crucify,crucifier,e03c,
,crush,écraser,e146,
,cry,pleurer,e20c,
,cup,coupe,e274,
,curse,malédiction,e05a,
,curtain,rideau,e254,
,Cush_land,Ethiopie,e1e2,Isa 11:11
,Cush_man,Cush__homme,edca,Gen 10:6
,Cushan_Rishathaim,,e47b,Gen 10:6
,Cushi,,e610,Gen 10:6
,custom,coutume,eb10,
,cymbal,cymbale,ebe3,
,Cypress,bois_de_gopher,edcb,Gen 6:14
,Cyprus,Chypre,eb88,Acts 4:36
,Cyrene,Cyrène,eb59,Matt 27:32
,Dabbesheth,,e5a2,Matt 27:32
,Dagon,,e4e8,Matt 27:32
,Dalmanutha,Dalmanutha,e344,Mark 8:10
,Dalmatia,Dalmatie,ecb1,2 Tim 4:10
,Damaris,Damaris,eb37,Acts 17:34
,Damascus,Damas,ec31,Gen  14:15
,Dan_land,Dan_région,edcc,Gen 14:14
,Dan_man,Dan_homme,edcd,Gen 30:6
,dance,danser,e259,
,Daniel,Daniel,ea78,Matt 24:15
,Dannah,,e4bf,Matt 24:15
,Darius,Darius,e490,Hag 1:1
,dark,sombre,ea17,
,Dathan,Dathan,e2f7,Num 16:1
,daughter,fille_de,e00c,
,daughters,filles_de,e00d,
,David,David,e35e,Matt 1:1
,dead,mort,e181,
,deaf,,e191,
,Debir_city,Debir_village,e43e,Josh 10:38
,Debir_man,Debir_homme,e42d,Josh 10:3
,Deborah,Débora,efb5,Gen 35:8
,Decapolis,Décapole,e33e,Matt 4:25
,deceive,tromper,e17f,
,deceiver,trompeur,e152,
,Dedan,Dedan,edce,Gen 10:7
,deep,profond,e321,
,deer,cerf,efb6,
,Delilah,,e576,
,Demes,Démas,ecb2,2 Tim 4:10
,Demetrius,Démétrius,eb1a,Acts 19:24
,demon,démon,eb87,
,denarius,denier,e165,Matt 22:19
,deny,nier,e0e5,
,Derbe,Derbe,eb43,Acts 14:6
,descend,descendre,e317,
,descendant,descendant,eb60,
,desire,désirer,e020,
,Deuel,Déuel,e2b3,Num 1:14
,Diblaim,,e595,Num 1:14
,Dibon,Dibon,e3a9,Num 21:30
,Dibon_Gad,Dibon_Gad,e3e8,Num 33:45
,Dibri,Dibri,e2ef,Lev 24:11
,Didymus,Didyme,ebb6,John 11:16
,different,différent,ecff,
,difficult,difficile,e093,
,Diklah,Dikla,e1ac,Gen  10:27
,Dilean,,e4c0,Gen  10:27
,Dimonah,,e4c1,Gen  10:27
,Dinah,Dina,efb7,Gen 30:21
,Dinhabah_city,Dinhaba_ville,efed,Gen 36:32
,Dionysius,Denys,eb78,Acts 17:34
,Diotrephes,Diotrèphe,ece2,3 John 1:9
,direction,direction,e323,
,dirt,boue,e15b,
,dirty,sale,e249,
,disciple,disciple,e142,
,discipline,discipline,eda5,
,discourage,décourager,e261,
,Dishan,Dischan,e1ec,Gen 36:21
,Dishon,Dischon,efee,Gen 36:21
,disobey,désobéir,e193,
,divide,diviser,e326,
,divorce,divorce,ea3d,
,Dizahab,Di_Zahab,e481,Deut 1:1
,doctor,docteur,e144,
,Dodanim,Dodanim,edcf,Gen  10:4
,Dodo,,e51d,Gen  10:4
,Doeg,Doëg,e460,1 Sam 21:7
,dog,chien,e104,
,dominion,dominion,e032,
,donkey,âne,ea09,
,door,,e23e,
,Dophkah,Dophka,e3dd,Num 33:12
,Dor,Dor,e43f,Josh11:2
,Dorcas,Dorcas,ec2c,Acts 9:36
,Dothan,Dothan,efa3,Gen 37:17
,doubt,douter,e194,
,dough,pâte,ea36,
,dove,colombe,e25e,
,down,en_bas,e319,
,dragon,dragon,ecdf,
,dream,rêve,ea80,
,drunk,énivré,ea8d,
,Drusilla,Drusille,eb9c,Acts 24:24
,dry,sec,e188,
,Dumah,Duma,eefd,Gen 25:14
,dust,poussière,e15d,
,eagle,aigle,ecc9,
,ear,oreille,e299,
,earn,gagner,e0f5,
,earthquake,tremblement_de_terre,e159,
,east,est,ea38,
,easy,facile,e092,
,eat,manger,e053,
,Ebal,Ebal,efef,Gen 36:23
,Ebed,,e577,Gen 36:23
,Eber_land,Héber_région,e497,Num 24:24
,Eber_man,Héber_homme,ec5a,Gen 10:21
,Ebez,,e5a3,Gen 10:21
,Eden_garden,Eden__jardin,edd2,Gen  2:8
,Eden_man,Eden_homme,e1e9,2 Chr 29:12
,Eder,,e4c2,2 Chr 29:12
,Edom_land,Edom_région,e1a7,Gen 32:3
,Edom_man,Edom_homme,e1a6,Gen 25:30
,Edrei,Edréï,e474,Josh 19:37
,egg,oeuf,e482,
,Eglon_man,,e60c,
,Eglon_village,,e42e,
,Egypt,Égypte,ea44,Matt 2:13
,Ehi,Ehi,efb8,Gen 46:21
,Ehud,,e578,Gen 46:21
,eight,huit,e293,
,Ekron,Ekron,e455,Jos 13:3
,El,El,edd3,Gen 35:17
,El_Elohe,El__Elohé,e1e4,Gen 33:20
,Elah,Ela,e1a9,Gen  36:41
,Elam_land,Elam_région,eb6d,Gen 14:1
,Elam_man,Elam_homme,edd4,Gen 10:22
,Elath,Elath,e498,Deut 2:8
,Eldaah,Eldaa,e1e3,Gen 25:4
,Eldad,Eldad,e2b4,Num 11:26
,elder,ancien,eb62,
,Elealeh,Elealé,e3ca,Num 32:3
,Eleasah,,e603,Num 32:3
,Eleazar,Éléazar,ea70,Exod 6:23
,elect,élire,ec9f,
,Eli,Eli,ec44,1 Sam 1:3
,Eliab,Eliab,e2b5,Num 1:9
,Eliada,,e5cf,Num 1:9
,Eliakim,Eliakim,ea6b,Matt 1:13
,Eliasaph,Eliasaph,e2b6,Num 1:14
,Elidad,Elidad,e3e4,Num 34:21
,Eliezer,Éliézer,ec5b,Gen 15:2
,Elihu,,e4e9,Gen 15:2
,Elijah,Élie,e36a,1 Kgs 17:1
,Elim,Élim,e0ca,Exod 15:27
,Elimelek,Elimélec,e41e,Ruth 1:2
,Eliphaz,Eliphaz,eff1,Gen 36:4
,Elisha,Élisée,ec5c,1 Kgs 19:16
,Elishama,Elischama,e2b7,Num 1:10
,Elisheba,Elischéba,e3b5,Exod 6:23
,Eliud,Eliud,ea6f,Matt 1:14
,Elizabeth,Elisabeth,ec3a,Luke 1:5
,Elizaphan,Elitsaphan,e2b8,Num 3:30
,Elizur,Elitsur,e1fa,Num 1:5
,Elkanah,Elkana,e2c0,Exod 6:24
,Elkosh,,e378,Exod 6:24
,Ellasar,Eliasar,edd6,Gen 14:1
,Elmadam,Elmadam,ec5d,Luke 3:28
,Elon,Elon,edd7,Gen 26:34
,Eltekeh,,e4fa,Gen 26:34
,Eltekon,,e4c3,Gen 26:34
,Eltolad,,e4c4,Gen 26:34
,Elzaphan,Eltsaphan,e2f0,Exod 6:22
,Emites,Emim,efa8,Gen 14:5
,Emmaus,Emmaüs,ec5e,Luke 24:13
,empty,vide,e277,
,En_Gannim,,e4fb,
,En_Gedi,,e4c5,
,En_Haddah,,e5a4,
,En_Rogel,,e4b1,
,En_Shemesh,,e4c6,
,Enaim,Enaïm,efb9,Gen 38:14
,Enam,,e4c7,Gen 38:14
,Enan,Enan,e2b9,Num 1:15
,encourage,encourager,e262,
,end,fin,e232,
,Endor,En_Dor,e467,Josh 17:11
,endure,endurer,e170,
,enemy,enemi,e025,
,Enoch,Hénoch,ec5f,Gen 4:17
,Enos,Énos,ec60,Luke 3:38
,enter,entrer,e242,
,envy,envie,e022,
,Epaenetus,Épaïnète,ebc1,Rom 16:5
,Epaphroditus,Épaphrodite,ece4,Phil 2:25
,Ephah,Epha,e1ad,Gen 25:4
,Epher,Epher,eefe,Gen 25:4
,Ephesus,Éphèse,ec0c,Acts 18:19
,Ephod,Ephod,e475,Num 34:23
,Ephraim_land,Éphraïm_région,eba4,2 Chr 30:10
,Ephraim_man,Éphraïm_homme,eba3,Gen 41:52
,Ephrath,Ephrata,efba,Gen 35:16
,Ephron,Ephron,eeff,Gen 23:8
,Epicurean,Épicuriens,ec05,Acts 17:18
,Er,Er,ec61,Gen 38:3
,Eran,Eran,e3aa,Num 26:36
,Erastus,Eraste,ec0e,Acts 19:22
,Erech,Erec,edd9,Gen 10:10
,Eri,Eri,e1ae,Gen 46:16
,Esau,Esaü,ebc2,Gen 25:25
,Esek,Esek,edda,Gen 26:20
,Eshan,,e4c8,Gen 26:20
,Eshban,Eschban,eff2,Gen 36:26
,Eshkol_land,Eschcol_région,e3cb,Num 13:23
,Eshkol_man,Eschcol_homme,eddb,Gen 14:13
,Eshtaol,,e4c9,Gen 14:13
,Eshtemoa,,e4fc,Gen 14:13
,Esli,Esli,ec49,Luke 3:25
,Esther,Esther,e49f,Esth 2:7
,Etam,,e579,Esth 2:7
,Eth_Kazin,,e5a5,Esth 2:7
,Etham,Etham,e2c2,Exod 13:20
,Ether,,e4cb,Exod 13:20
,Ethiopia,Éthiopie,ec32,Acts 8:27
,Eubulus,Eubulus,ecb3,2 Tim 4:21
,Eunice,Eunice,ecb4,2 Tim 1:5
,eunuch,eunuque,eb8f,
,Euodia,Evodie,ece5,Phil 4:2
,Euphrates_River,Euphrate_Fleuve,ecd8,Rev. 9:14
,Eutychus,Eutychus,eb1f,Acts  20:9
,evangelist,évangéliste,e13f,
,Eve,Ève,ebeb,Gen 3:20
,evening,soir,e273,
,everyone,toutes_les_personnes,e140,
,everything,toute_chose,e114,
,everywhere,partout,e155,
,Evi,Evi,e3c2,Num 31:8
,example,exemple,ecf0,
,explain,expliquer,e059,
,eye,oeil,e238,
,Ezbon,Etsbôn,e1aa,Gen 46:16
,Ezem,,e508,Gen 46:16
,Ezer,Etsèr,e1ab,Gen 36:21
,Ezion_Geber,Etsjon_Guéber,e3e9,Num 33:35
,Ezra,,e4df,Num 33:35
,face,visage,e203,
,Fair_Haven,Beaux_Ports,ec18,Acts 27:8
,faithful,fidèle,e219,
,fall,tomber,e218,
,family,famille,e176,
,famine,famine,e18d,
,far,loin,e197,
,farewell,au_revoir,ec83,
,farm,ferme,eb91,
,fast_no_eat,jeûne_pas_manger,e18e,
,fast_speed,rapide_vitesse,e21a,
,fat,gros,ea86,
,fat_animal,gros_animal,eb11,
,father,père,e003,
,feast,festin,e054,
,Felix,Félix,eb99,Acts 23:24
,festival,festival,e20b,
,fig,figue,eda2,
,fill,remplir,e278,
,find,,e101,
,finger,doigt,eba5,
,fire,feu,e301,
,first,premier,e233,
,fish,poisson,e263,
,fisherman,pêcheur,e264,
,five,cinq,e290,
,fix,réparer,e09d,
,flesh,chair,e26b,
,flip,retourner,e31d,
,flood,inondation,ece0,
,flour,farine,ea35,
,flower,fleur,eb24,
,flute,flûte,ea8b,
,fly,,e25b,
,follow,suivre,e13e,
,fool,idiot,ea7c,
,foot,pied,e13d,
,foreigner,,e158,
,foreknowledge,prémunition,eb79,
,forest,forêt,ec27,
,forgive,pardonner,e18f,
,Fortunatus,Fortunatus,eca4,1 Cor 16:17
,forward,en_avant,e318,
,foundation,fondation,e179,
,four,quatre,e28f,
,fox,renard,ea8a,
,free,libre,e260,
,free_no_cost,gratuit_non_prix,ebe4,
,Freedmen,Affranchis,ec8e,Acts 6:9
,friend,ami,e024,
,frog,grenouille,ecf6,
,from,de,e31a,
,fruit,fruit,e27e,
,fulfill,accomplir,e0d2,
,full,plein,e276,
,futile,futile,e190,
,future,futur,e16e,
,Gaal,,e57a,
,Gaash,,e4fd,
,Gabriel,Gabriel,ec39,Luke 1:19
,Gad,Gad,ecbd,Gen 46:16
,Gadara,Gadaraéniens,e33f,Matt 8:28
,Gaddi,Gaddi,e2ba,Num 13:11
,Gaddiel,Gaddiel,e2bb,Num 13:10
,Gaham,Gaham,efbb,Gen 22:24
,Gaius,Gaïus,ec0f,Acts 19:29
,Galal,,e604,Acts 19:29
,Galatia,Galatie,eb46,Acts 16:6
,Galeed,Galed,efbc,Gen 31:47
,Galilee,Galilée,e337,Josh 20:7
,Gallio,Gallion,eb3b,Acts 18:12
,Gamaliel,Gamaliel,eb4d,Acts 5:34
,garden,jardin,eddc,
,Gatam,Gaetham,eff3,Gen 36:11
,gate,porte,e289,
,Gath,Gath,e461,1 Sam 21:10
,Gath_Rimmon,,e4fe,1 Sam 21:10
,gathered,réuni,e108,
,Gaza,Gaza,eb7f,Gen 10:19
,Geba,,e4ff,Gen 10:19
,Gebal,,e549,Gen 10:19
,Gedaliah,,e52a,Gen 10:19
,Geder,Guéder,e440,Josh 12:13
,Gedor,,e5dd,Josh 12:13
,Gemalli,Guemalli,e2bc,Num 13:12
,generation,génération,e019,
,Gennesaret,Génésareth,e341,Matt 14:34
,gentle,,e26d,Matt 14:34
,Genubath,,e5d0,Matt 14:34
,Gera,Guéra,efbd,Gen 46:21
,Gerar,Guérar,eddd,Gen 10:19
,Gershom,Guerschom,e0cb,Exod 2:22
,Gershon,Guerschon,efbe,Gen 46:11
,Geshur,Gueschuriens,e499,Duet 3:14
,Gether,Guéter,edde,Gen 10:23
,Gethsemane,Gethsémané,e34a,Matt 26:36
,Geuel,Guéuel,e1fb,Num 13:15
,Gezer,Guézer,e42f,Josh 10:33
,Gibbethon,,e500,Josh 10:33
,Gibeah,,e501,Josh 10:33
,Gibeath_Haaraloth,Araloth,e430,Josh 5:3
,Gibeon_man,,e5de,Josh 5:3
,Gibeon_village,,e431,Josh 5:3
,Gideon,Gédéon,ed03,Judg 6:11
,Gideoni,Guideoni,e2bd,Num 1:11
,Gidom,,e57b,Num 1:11
,gift,cadeau,e072,
,Gihon,Guihon,eddf,Gen 2:13
,Gilead_land,Galaad_région,efa1,Gen 31:21
,Gilead_man,Galaad_homme,e3ab,Num 26:29
,Gilgal,Guilgal,e432,Josh 5:9
,Giloh,,e509,Josh 5:9
,Girgashites,Guirgasiens,ede1,Gen 10:16
,girl,fille,e009,
,girls,filles,e00a,
,Gittaim,,e489,
,give,donner,e086,
,glass,verre,ecde,
,glory,gloire,e217,
,gluttony,gluttonnie,ea8c,
,go,aller,e381,
,go_down,aller_en_bas,e080,
,goat,chèvre,ea7d,
,God,Dieu,e036,Gen 1:1
,godly,divin,e130,
,Gog,Gog,ecf7,Ezek 38:2
,Goiim,,ede2,Ezek 38:2
,Golan,Golan,e468,Duet 4:43
,gold,or,eb2a,
,Golgotha,Golgotha,e34b,Matt 27:33
,Goliath,Goliath,e462,1 Sam 21:9
,Gomer,Gomer,ede3,Gen 10:2
,Gomorrah,Gomorrhe,ea7a,Gen 10:19
,gong,gong,ebe5,
,good,bon,e096,
,Goshen,Gosen,efbf,Gen 47:1
,gospel,bonne_nouvelle,e22b,
,governor,gouverneur,e0a3,
,Goyim,Gojim,e44c,Josh 12:23
,grace,grâce,e01f,
,grain,,e279,
,grape,grain_de_raisin,ecf4,
,grass,herbe,ea33,
,grateful,reconnaissant,e20e,
,Greece,Grèce,e345,Acts 20:3
,greed,avarice,ea94,
,green,vert,ecd1,
,greeting,salutation,e051,
,grey,,e611,
,grind,moudre,e83d,
,groom,époux,e013,
,grow,pousser,e154,
,guard,garde,e0c1,
,guilt,culpabilité,ea84,
,Guni,Guni,efc1,Num 26:48
,Hadad,Hadad,efa2,Gen 25:15
,Hadadezer,,e5d1,Gen 25:15
,Hadar,Hadar,e1af,Gen 36:39
,Hadashah,,e50a,Gen 36:39
,Hadoram,Hadoram,ede4,Gen 10:27
,Hagar,Agar,ecab,Gen 16:1
,Haggai,Aggée,e48c,Ezra 5:1
,Haggi,Haggi,efc2,Gen 46:16
,Haggith,,e4b2,Gen 46:16
,hail,grêle,ea13,
,hail_storm,grêle_orage,ecdd,
,hair,cheveux,e208,
,half,demi,ea22,
,Halhul,,e50b,
,Hali,,e5a6,
,Ham_man,Cham_homme,ede5,Gen 6:10
,Ham_village,Ham_village,ede6,Gen 14:5
,Haman,Haman,e4a0,Esth 3:1
,Hamathites,Hamathiens,ede7,Gen 10:18
,Hammedatha,Hammedatha,e47f,Esth 3:1
,Hammoth_Dor,,e502,Esth 3:1
,Hamor,Hamor,eb5d,Gen 33:19
,Hamul,Hamoul,efc3,Gen 46:12
,Hanan,,e5df,Gen 46:12
,hand,main,e071,
,Hannathon,,e5a7,
,Hanniel,Hanniel,e3e5,Num 34:23
,Hapharaim,,e5a8,Num 34:23
,happy,joyeux,e205,
,Haradah,Harada,e3de,Num 33:24
,Haran_land,Haran_région,eb0b,Gen 11:31
,Haran_man,Haran_homme,efa4,Gen 11:27
,Harbona,,e38f,Gen 11:27
,hard,dur,e269,
,Harod,,e57c,
,Harosheth,,e57d,
,harp,harpe,ecc6,
,harsh,sévère,eca7,
,harvest,moisson,e082,
,harvester,moissonneur,e139,
,Hashabiah,,e5e0,
,Hashmonah,Haschmona,e3df,Num 33:29
,Hassenuah,,e5e1,Num 33:29
,Hasshub,,e5e2,Num 33:29
,hate,haïr,e01b,
,Hathak,Hathac,e4a1,Esth 4:5
,have,avoir,e083,
,Havilah_land,Havila_région,ede8,Gen 2:11
,Havilah_man,Havila_homme,effa,Gen 10:7
,Hazael,Hazaël,e456,Amos 1:4
,Hazar_Addar,Hatsar_Addar,e3ea,Num 34:4
,Hazar_Enan,Hatsar__Enan,e3eb,Num 34:9
,Hazar_Gaddah,,e50c,Num 34:9
,Hazar_Shual,,e50d,Num 34:9
,Hazarmaveth,Hatsarmaveth,ede9,Gen 10:26
,Hazeroth,Hatséroth,e2be,Num 11:35
,Hazezon_Tamar,Hatsatson_Thamar,edea,Gen 14:7
,Hazo,Hazo,e1b0,Gen 22:22
,Hazor,Hatsor,e441,Josh 12:19
,head,tête,e206,
,heal,guérir,e084,
,health,santé,e209,
,heart,coeur,e29a,
,heaven,,e380,
,heavy,lourd,e0e7,
,Heber,Héber,e1b1,Gen 46:17
,Hebrew,Hébreu,ec8f,Gen 14:13
,Hebron_man,,e478,Gen 14:13
,Hebron_village,,edeb,Gen 14:13
,hedge,haie,e28a,
,Hegai_man,Hegaï,e41a,Esth 2:8
,height,hauteur,ecc1,
,heir,héritier,e018,
,Helbah,,e57e,
,Helek,Hélek,e3ac,Num 26:30
,Helkath,,e503,Num 26:30
,hell,enfer,e0d1,Deut 32:22
,Helon,Hélon,e1fc,Num 1:9
,help,aider,e13a,
,helper,assistant,e150,
,Heman,Héman,e1b2,1 Kgs 4:31
,Hemdan,Hemdan,eff4,Gen 36:26
,Hepher,Hépher,e3ad,Num 26:32
,here,ici,e212,
,Heres,,e559,
,Heresh,,e5e3,
,Hermas,Hermas,ebc4,Rom 16:14
,Hermes_idol,Hermès_idole,eb2f,Acts 14:12
,Hermes_man,Hermès_homme,ebed,Rom 16:14
,Hermogenes,Hermogène,ecb5,2 Tim 1:15
,Herod,Hérode,e360,Matt 2:1
,Herodians,Hérodiens,ea05,Mark 3:6
,Herodias,Hérodias,e355,Matt 14:3
,Herodion,Hérodion,ebf1,Rom 16:11
,Heshbon,Heshbon,e3ae,Josh 13:26
,Heshmon,,e50e,Josh 13:26
,Heth,Heth,edec,Gen 10:15
,Hezekiah,Ezéchias,ea62,2 Kgs 16:20
,Hezion,,e5d2,2 Kgs 16:20
,Hezron,Hetsron,ea4f,Gen 46:9
,hide,cacher,e085,
,Hierapolis,Hiérapolis,ece9,Col 4:13
,Hilkiah,,e5e4,Col 4:13
,hill,colline,e202,
,Hillel,,e51e,
,Hirah,Hira,e1b3,Gen 38:1
,Hiram,,e5d3,Gen 38:1
,hire,embaucher,e13b,
,Hittites,Héthiens,eded,Gen 15:20
,Hivites,Héviens,edee,Exod 3:8
,Hobab,Hobab,e1fd,Num 10:29
,Hobah,Choba,edef,Gen 14:15
,Hodaviah,,e5e5,Gen 14:15
,Hoglah,Hogla,e3af,Num 26:33
,Hoham,Hoham,e433,Josh 10:3
,hole,trouver,e302,
,Holon,,e504,
,holy,saint,e13c,
,honey,miel,e052,
,honor,honneur,e031,
,hope,souhait,e213,
,Hophni,,e4ea,
,Hor_Haggidgad,Hor_Guidgad,e3ec,Num 33:32
,Horam,Horam,e434,Josh 10:33
,Hori,Hori,eff5,Gen 36:22
,Horites,Horiens,edf1,Gen 14:6
,Hormah,Horma,e2f8,Num 14:45
,horn,corne,ecc5,
,horse,cheval,e303,
,Hosah,,e5af,
,hosanna,hosanna,e216,
,Hosea,Osée,ebc5,Hos 1:1
,hour,heure,e331,
,house,maison,e171,
,how,comment,e068,
,how_long,combien_de_temps,e83c,Exod 10:3
,Hul,Hul,edf2,Gen 10:23
,human_nature,nature_humaine,e23d,Rom 6:19
,humble,s’humilier,e19d,
,Humtah,,e50f,
,hungry,affamé,e01e,
,Hupham,Hupham,e3b0,Num 26:39
,Huppim,Huppim,efc5,Gen 46:21
,Hur,Hur,e2e0,Exod 31:2
,husband,mari,e012,
,Husham,Huscham,e1b4,Gen 36:34
,Hushim,Huschim,efc6,Gen 46:23
,Hymenaeus,Hyménée,ecaa,1Tim 1:20
,hymn,chanté,e0e3,Matt 26:30
,Ibleam,Jibleam,e469,Josh 17:11
,Ibneiah,,e5e6,Josh 17:11
,Ibnijah,,e5e7,Josh 17:11
,Ibzan,,e51f,Josh 17:11
,Iconium,Icone,ec1f,Acts 13:51
,Idalah,,e582,Acts 13:51
,idol,idole,e35d,
,Iezer,Jézer,e3b1,Num 26:30
,if,si,e111,
,Igal,Jigual,e1fe,Num 13:7
,ignorant,ignorant,e06e,
,Ijon,,e5d4,
,Illyricum,Illyrie,ebc6,Rom 15:19
,immeasurable,incommensurable,e18c,
,Immer,,e5e8,
,Imnah,Jimna,efc7,1 Chr 7:30
,impossible,impossible,e180,
,Imri,,e5e9,
,in,dans,e240,
,in_front,en_face,e112,
,incense,incense,ec98,
,India,Inde,e4a2,Esth 8:9
,inheritance,héritance,e017,
,insect,insecte,e304,
,Iob,Job_fils_Issacar,e0ee,Gen 46:13
,Iphtah,,e510,Gen 46:13
,Iphtah_El,,e583,Gen 46:13
,Irad,Irad,edf3,Gen 4:18
,Iram,Iram,eff6,Gen 36:43
,Iron,,e584,Gen 36:43
,iron,fer,eb29,
,Isaac,Isaac,e374,Gen 17:19
,Isaiah,Ésaïe,e372,2 Kgs 19:2
,Ishbak,Jischbak,eeda,Gen 25:2
,Ishbosheth,Isch_Boscheth,e48a,2 Sam 2:8
,Ishmael,Ismaël,e1b5,Gen 17:18
,Ishvah,Jischva,efc8,Gen 46:17
,Ishvi,Jischvi,efc9,Gen 46:17
,Iskah,Jisca,eedb,Gen 11:29
,island,île,eb05,
,Israel,Israël,ea04,Gen 32:28
,Issachar,Issacar,ecce,Gen 30:18
,Italy,Italie,ec90,Acts 18:2
,Ithamar,Ithamar,e2e1,Exod 28:1
,Ithlah,,e585,Exod 28:1
,Ithnan,,e511,Exod 28:1
,Ithran,Jithran,e1b6,Gen 36:26
,Ituraea,Iturée,ec3e,Luke 3:1
,Iye_Abarim,Iijé_Abarim,e3b2,Num 21:11
,Izhar,Jitsehar,e2c1,Exod 6:18
,Jabal,Jabal,e1b7,Gen 4:20
,Jabbok,Jabboq,efca,Gen 32:22
,Jabesh,,e4eb,Gen 32:22
,Jabesh_Gilead,,e55a,Gen 32:22
,Jabin,,e55b,Gen 32:22
,Jabneel,,e512,Gen 32:22
,Jacob,Jacob,e375,Gen 25:26
,Jael,,e55c,Gen 25:26
,Jagur,,e513,Gen 25:26
,Jahaz,Jahats,e3b3,Num 21:23
,Jahleel,Jahleel,efcb,Gen 46:14
,Jahzerah,,e5ea,Gen 46:14
,Jahziel,Jahtseiel,e1b8,Gen 46:24
,Jair,Jair,e3cc,Num 32:41
,Jairus,Jaïrus,e367,Mark 5:22
,Jakin,Jakin,e1b9,Gen 46:10
,Jalam,Jaelam,eff7,Gen 36:5
,Jambres,Jambrès,ecbc,2 Tim 3:8
,James,Jacques,e376,Matt 4:21
,James_the_Disciple,Jacques_fils_de_Zebédée,e358,Mark 1:19
,Jamin,Jamin,efcc,Gen 46:10
,Janim,,e514,Gen 46:10
,Jannai,Jannaï,ec46,Luke 3:24
,Jannes,Jannès,ecbe,2 Tim 3:8
,Janoah,Janoach,e46a,Josh 16:7
,Japheth,Japhet,edf4,Gen 6:10
,Japhia_man,,e435,Gen 6:10
,Japhia_village,,e586,Gen 6:10
,Japhlet,Japhlét,e46b,Josh 16:3
,jar,jarre,e0d5,
,Jared,Jéred,ec62,Gen 5:15
,Jarmuth,Jarmuth,e436,Josh 10:3
,Jashub,Jaschub,e389,Num 26:24
,Jason,Jason,eb64,Acts 17:5
,Jattir,,e505,Acts 17:5
,Javan,Javan,e1ba,Gen 10:2
,Jazer,Jaezer,e38a,Num 21:32
,jealous,jealous,e2fe,
,Jebusites,Jebusiens,e1e5,Gen 10:16
,Jechoniah,Jéconias,ea66,Matt 1:11
,Jedaiah,,e5eb,Matt 1:11
,Jegar_Sahadutha,Jegar_Sahadutha,e1e6,Gen 31:47
,Jehoiachin,Jojakin,e41b,2 Kgs 24:6
,Jehoiada,,e4b3,2 Kgs 24:6
,Jehoshaphat,Josaphat,ea5d,1 Kgs 15:24
,Jehozadak,Jotsadak,e47e,Zech 6:11
,Jehu,,e597,Zech 6:11
,Jehud,,e587,Zech 6:11
,Jemuel,Jemuel,efcd,Exod 6:15
,Jephthah,Jephthé,ed04,Judg 11:1
,Jephunneh,Jephunné,e3ee,Num 26:65
,Jerah,Jérach,edf5,Gen 10:26
,Jeremiah,Jérémie,ea28,2 Chr 36:12
,Jericho,Jéricho,ea08,Num 22:1
,Jeroboam,Jéroboam,e457,1 Kgs 11:26
,Jeroham,,e4ec,1 Kgs 11:26
,Jerusalem,Jérusalem,e338,Josh 10:1
,Jeshua_village,,e4f4,Josh 10:1
,Jesse,Iasï,ea58,Ruth 4:17
,Jesus,Jésus,e037,Matt 1:1
,Jether,,e57f,Matt 1:1
,Jetheth,Jetheth,eff8,Gen 36:40
,Jethro,Jéthro,e0cc,Exod 18:1
,Jetur,Jethur,eedc,Gen 25:15
,Jeuel,,e5ec,Gen 25:15
,Jeush,Jéusch,e1bb,Gen 36:5
,Jew,Juif,e0f9,Esth 2:5
,Jezebel,Jézabel,eca2,1 Kgs 16:31
,Jezer,Jetser,e1bc,Gen 46:24
,Jezreel,Jirzeel,e46c,Josh 17:16
,Jezreel_man,,e598,Josh 17:16
,Jidlaph,Jidlaph,efce,Gen 22:22
,Joab,,e4b4,Gen 22:22
,Joanan,Joanan,ec4c,Luke 3:27
,Joanna,Jeanne,ec63,Luke 8:3
,Joash,Joas,e458,Judg 6:31
,Job,Job,ed0b,Job 1:1
,Jobab,Yobab,edf6,Gen 10:29
,Jochebed,Jokébed,e2c4,Exod 6:20
,Joel,Joël,ec92,Joel 1:1
,Jogbehah,Jogbeha,e3cd,Num 32:35
,Jogli,Jogli,e3ef,Num 34:22
,John,Jean,e35a,John 1:42
,John_the_Baptist,Jean_le_Baptiste,e336,Matt 3:4
,Johozadak,,e494,Matt 3:4
,Jokdeam,,e515,Matt 3:4
,Jokneam,Jokneam,e442,Josh 12:22
,Jokshan,Jokschan,eedd,Gen 25:2
,Joktan,Jokthan,e1bd,Gen 10:25
,Joktheel,,e516,Gen 10:25
,Jonah,Jonas,e0c5,Jonah 1:1
,Jonah_Simons_father,Jonas_Simon_père,ea29,Matt 16:17
,Jonam,Jonam,ec9b,Luke 3:30
,Jonathan,Jonathan,e48b,1 Sam 13:2
,Joppa,Joppé,ec2d,Jonah 1:3
,Joram,Joram,ea5e,2 Kgs 8:16
,Jordan_River,Jourdain_rivière,e34f,Gen 50:10
,Jorim,Jorim,ec64,Luke 3:29
,Joseph,Joseph,ea15,Gen 30:24
,Joses,Joses,e369,Matt 13:55
,Joshua_man,,eb03,Matt 13:55
,Josiah,Josiah,ea65,2 Kgs 21:24
,Jotbathah,Jothbatha,e3f0,Num 33:33
,Jotham,Jotham,eb82,Judg 9:5
,Jubal,Jubal,edf7,Gen 4:21
,Judah_land,Juda_region,e426,Hag 1:1
,Judah_man,Juda_homme,ea4b,Gen 29:35
,Judas,Jude,e368,Mark 6:3
,Judas_Iscariot,Jude_l’Iscariot,e365,Matt 10:4
,Judea,Judée,e339,Rom 15:31
,judge,juge,e1a2,
,Judith,Judith,edf8,Gen 26:34
,Julia,Julie,ebc7,Rom 16:15
,Julius,Julius,ec07,Acts 27:1
,jump,sauter,ed0a,
,Junia,Junias,ebc8,Rom 16:7
,justice,justice,ea25,
,justify,justifier,eb4f,
,Justus,Justus,eb6a,Acts 1:23
,Juttah,,e506,Acts 1:23
,Kabbon,,e517,Acts 1:23
,Kabul,,e588,Acts 1:23
,Kabzeel,,e518,Acts 1:23
,Kadesh,Kadès,edf9,Gen 14:7
,Kadmonites,Kadmoniens,efd1,Gen 15:19
,Kain,,e519,Gen 15:19
,Kalneh,Calné,edfa,Gen 10:10
,Kamon,,e520,Gen 10:10
,Kanah_brook,Torrent_de_Kana,e46d,Josh 16:8
,Kanah_village,Kana_village,e46e,Josh 19:28
,Karka,,e51a,Josh 19:28
,Karkor,,e580,Josh 19:28
,Karmi,Carmi,efd2,Gen 46:9
,Kasluhites,Casluhim,edc9,Gen 10:14
,Kattath,,e589,Gen 10:14
,Kedar,Kédar,eede,Gen 25:13
,Kedemah,Kedma,eedf,Gen 25:15
,Kedemoth,Kedémoth,e49a,Duet 2:26
,Kedorlaomer,Kedorlaomer,edfb,Gen 14:1
,keep,garder,e099,
,Kehelathah,Kehélatha,e3f1,Num 33:22
,Keilah,,e51b,Num 33:22
,Kemuel,Kemuel,efd3,Gen 22:21
,Kenath,Kenath,e3ce,Num 32:42
,Kenaz,Kenaz,efd4,Gen 36:11
,Kenites,Kéniens,efd5,Gen 15:19
,Kephirah,Kephira,e437,Jos 18:26
,Keran,Keran,eff9,Gen 36:26
,Kerethites,,e52e,Gen 36:26
,Kerioth,Kerijoth,e459,Jer 48:24
,Kesed,Késed,efd6,Gen 22:22
,Kesil,,e52f,Gen 22:22
,Keturah,Ketura,eee1,Gen 25:1
,key,clé,ea9d,
,Kezib,Czib,e1bf,Gen 38:5
,Kibroth_Hattaavah,Kibroth_Hattaava,e2a0,Num 11:34
,Kidron_Valley,Torrent_de_Cédron,eba6,John 18:1
,Kilion,Kiljon,e41f,Ruth 1:5
,kill,tuer,e141,
,Kinah,,e530,
,kind_nice,aimable_gentil,e01c,
,king,roi,e028,
,kingdom,royaume,e02f,
,Kinnereth,Kinnéreth,e3f2,Josh 19:35
,Kir,Kir,e45a,Isa 22:6
,Kiriath_Huzoth,Kirjah_Hutsoth,e2f9,Num 22:39
,Kiriath_Jearim,Kirjath_Jearim,e438,Josh 9:17
,Kish,Kis,eb49,1 Chr 24:29
,Kishion,,e4e0,1 Chr 24:29
,Kishon,,e55d,1 Chr 24:29
,Kislon,Kislon,e3f3,Num 34:21
,Kisloth_Tabor,,e58a,Num 34:21
,kiss,baiser,e0e8,
,Kitlish,,e531,
,Kitron,,e55e,
,Kittim_man,Kittim_homme,edfc,Gen 10:4
,kneel,s’agenouiller,e138,
,knife,couteau,e24e,
,knock,frapper,eb8b,
,know,savoir,e062,
,Kohath,Kehath,efd8,Gen 46:11
,Korah,Koré,ecf3,Gen 36:14
,Kozbi,Cozbi,e3d1,Num 25:15
,Laban,Laban,edfd,Gen 24:29
,Lachish,Lakis,e439,Josh 10:3
,Lael,Laël,e2a1,Num 3:24
,Lahmas,,e532,Num 3:24
,Laish,,e55f,Num 3:24
,lake,lac,ec65,
,Lakkum,,e58b,
,Lamech,Lémec,ec66,Gen 5:25
,lamp,lampe,e164,
,lampstand,pied_de_lampe,e281,
,land,terre,e153,
,language,langage,ea23,
,Laodicea,Laodicée,ebf9,Col 4:13
,Lappidoth,,e560,Col 4:13
,Lasea,Lasée,ec16,Acts 27:8
,Lasha,Léscha,e1c0,Gen 10:19
,Lasharon,Lascharon,e443,Josh 12:18
,last,dernier,e234,
,late,tard,e225,
,Latin,Latin,eba8,John 19:20
,laugh,rire,e224,
,law,loi,e22f,
,Lazarus,Lazare,ec67,John 11:14
,lead,guider,e137,
,leaf,feuille,e0b3,
,Leah,Léa,efd9,Gen 30:12
,lease,louer,e175,
,least,le_moindre,e397,
,leather,cuir,e255,
,leave,quitter,e243,
,leaven,levain,e32d,
,Lebanon,Liban,e599,Ps 29:5
,Lebaoth,,e533,Ps 29:5
,Lebo_Hamath,Lebo_Hamath,e2a2,Num 34:8
,Lebonah,,e561,Num 34:8
,left,gauche,e0f4,
,leg,jambe,ebe0,
,Legion,Légion,e366,Mark 5:9
,Lehabites,Lehabim,e1c1,Gen 10:13
,Lehi,,e562,Gen 10:13
,length,longueur,ecc2,
,leopard,léopard,ecf8,
,leprosy,léprosie,e382,
,letter,lettre,eb84,
,Letush,Letuschim,eee2,
,Leummim,Leummim,eee3,Gen 25:3
,Levi,Lévi,eb1b,Exod 1:2
,Levi_Matthew,Lévi_Matthieu,e35c,Luke 5:29
,Libnah,Libnah,e3f4,Josh 15:42
,Libni,Libni,e2e2,Exod 6:17
,Libya,Libye,eb73,Acts 2:10
,lift,soulever,e081,
,light,lumière,e0c2,
,lightning,éclair,ea88,
,linen,lin,ea20,
,Linus,Linus,ecb0,2 Tim 4:21
,lion,lion,ecb6,
,Lo_Debar,Lodebar,e45b,2 Sam 9:4
,locust,locuste,ecd4,
,Lois,Loïs,ecb7,2 Tim 1:5
,looks_like,ressemble,ebcd,
,lost,perdu,e089,
,Lot,Lot,ebdc,Gen 11:27
,Lotan,Lothan,effb,Gen 36:20
,lots,tirant_au_sort,ea16,Luke 23:34
,loud,bruyant,ebe8,
,love,aimer,e01a,
,lower_adj,plus_bas_adj,e324,
,Lucius,Lucius,ec93,Acts 13:1
,Lud,Lud,e1c2,Gen 10:22
,Ludites,Ludim,e1ea,Gen 10:13
,Luke,Luc,eb68,Col 4:14
,lunatic,fou,e06d,
,lust,convoiter,e239,
,Luz,Luz,edfe,Gen 28:19
,Lycaonia,Lycaonie,eb51,Acts 14:6
,Lycia,Lycie,ec13,Acts 27:5
,Lydda,Lydde,ec2e,Acts 9:35
,Lydia,Lydie,eb50,Acts 16:14
,Lysanias,Lysanias,ec40,Luke 3:1
,Lysias,Lysias,ec37,Acts 24:22
,Lystra,Lystre,eb44,Acts 16:2
,Maakah_man,Maaca_homme,efda,1 Chr 11:43
,Maakah_woman,Maaca_femme,e2d8,2 Chr 11:21
,Maakath_land,Maacathiens_région,e483,Josh 13:13
,Maakath_man,Maacathiens_homme,e49c,Josh 12:5
,Maasai,,e5ed,Josh 12:5
,Maath,Maath,ec4b,Luke 3:26
,Macedonia,Macédoine,ec0d,Acts 16:9
,Machir_man,Makir_homme,e2d1,Gen 50:23
,Machpelah,Macpéla,eee4,Gen 23:19
,Madai,Madaï,edff,Gen 10:2
,Madmannah,,e534,Gen 10:2
,Madon,Madon,e444,Josh 11:1
,Magadan,Magadan,ea30,Matt 15:39
,Magdiel,Magdiel,effc,Gen 36:43
,magician,magicien,ec8a,
,Magog_land,Magog_région,ecf9,Ezek 38:2
,Magog_man,Magog_homme,eea1,Rev 20:8
,Mahalalel,,ec68,Rev 20:8
,Mahalath,Mahalath,eea2,Gen 28:9
,Mahanaim,Mahanaïm,efdb,Gen 32:2
,Mahaneh_Dan,,e563,Gen 32:2
,Mahlah,Machla,e38c,Num 36:11
,Mahli,Machli,e2c5,Ezra 8:18
,Mahlon,Machlon,e420,Ruth 1:5
,make,faire,e076,
,Makheloth,Makhéloth,e3f5,Num 33:26
,Maki,Maki,e2a3,Num 13:15
,Makir,Makir,e46f,Jos 13:31
,Makkedah,Makkéda,e414,Josh 10:28
,Malchus,Malchus,ebb7,John 18:10
,Malki_Shua,,e4ed,John 18:10
,Malkiel,Malkiel,efcf,Gen 46:17
,Malkijah,,e5ee,Gen 46:17
,Malta,Malte,ec19,Acts 28:1
,Mamre,Mamré,eea3,Gen 18:1
,man,homme,e000,
,Manaen,Manahen,eb40,Acts13:1
,Manahath,Manahath,e1c3,Gen 36:23
,Manasseh_land,Manassé_region,e470,Josh 17:7
,Manasseh_man,Manassé_homme,ea63,Gen 41:51
,manna,manne,eba9,Exod 16:31
,Manoah,,e564,Exod 16:31
,many,beaucoup,e198,
,Maon_man,,e47c,
,Maon_village,,e521,
,Marah,Mara,e0cd,Exod 15:23
,Maralah,,e58c,Exod 15:23
,Mareshah,,e493,Exod 15:23
,Mark,Marc,e371,Acts 15:37
,market_place,place_marché,e02e,
,Maroth,,e3b6,
,marriage,,e010,
,Martha,Marthe,ec69,John 11:5
,Mary,,e354,John 11:5
,Mary_Magdalene,Marie_de_Magdala,e353,Mark 15:40
,Masrekah_city,Masreka_ville,effd,Gen 36:36
,Massa,,eee5,Gen 36:36
,Massah,Massa,e2c3,Exod 17:7
,Matred,Mathred,effe,Gen 36:39
,Mattanah,Matthana,e38d,Num 21:19
,Mattaniah,,e5ef,Num 21:19
,Mattatha,Mattatha,ec9c,Luke 3:31
,Mattathias,Mattathias,ec9d,Luke 3:26
,Matthan,Matthan,ea71,Matt 1:15
,Matthat,Matthat,ed12,Luke 3:24
,Matthew,Matthieu,eb04,Matt 9:9
,Mattithiah,Matthithia,e1c4,Ezra 10:43
,mature,mûr,e236,
,me,moi,e166,
,Me_Jarkon,,e58d,
,Me_Zahab,Mézahab,efff,Gen 36:39
,meaning,compréhension,ecfa,
,measure,mesure,e305,
,Medad,Médad,e2a4,Num 11:26
,Medan,Medan,eee7,Gen 25:2
,Medeba,Médeba,e38e,Num 21:30
,Media,Médie,eb70,Ezra 6:2
,Megiddo,Meguiddo,ecfb,Josh 12:21
,Mehetabel,Mehéthabeel,eff0,Gen 36:39
,Mehujael,Mehujaël,eea4,Gen 4:18
,Melchi,Melchi,ec45,Luke 3:24
,Melchizedek,Melchisédek,ed05,Gen 14:18
,Melea,Méléa,ec6a,Luke 3:31
,Melek,,e5f0,Luke 3:31
,member,membre,e174,
,Menna,Menna,ec6b,Luke 3:31
,Mephaath,,e4e1,Luke 3:31
,Mephibosheth,,e527,Luke 3:31
,Merari,Merari,efdc,Gen 46:11
,mercy,miséricorde,e01d,
,Meribah,Meriba,e2c7,Exod 17:7
,Merom,,e58e,Exod 17:7
,Meroz,,e565,Exod 17:7
,Mesha_land,Mécha_région,eea5,Gen 10:30
,Meshech,Méchec,eea6,Gen 10:2
,Mesopotamia,Mésopotamie,eb72,Acts 2:9
,messenger,messager,e136,
,metal,métal,eb28,
,Methuselah,Metuschélah,ec6c,Gen 5:21
,Methushael,Metuschaël,eea7,Gen 4:18
,Mibsam,Mibsam,eee6,Gen 25:13
,Mibzar,Mibtsar,e1c5,Gen 36:42
,Micah,,e522,Gen 36:42
,Michael_angel,Michel_ange,ece1,Jude 9
,Michael_man,Micaël_homme,e2a5,1 Chr 5:13
,Middin,,e535,1 Chr 5:13
,Midian_land,Madian_région,eb0f,Exod 2:15
,Midian_man,Madian_homme,e1eb,Gen 25:2
,Migdal_El,,e58f,Gen 25:2
,Migdalgad,,e536,Gen 25:2
,Migdol,Migdol,e0ce,Exod 14:2
,Mika,,e528,Exod 14:2
,Mikmethath,Micmethath,e471,Josh 16:6
,Miletus,Milet,eb23,Acts 20:15
,milk,lait,eca3,
,Milkah,Milca,eee8,Gen 11:29
,million,million,ecd9,
,mind,pensée,e06c,
,Minnith,,e566,
,miracle,miracle,e095,
,Miriam,Marie,e385,Num 12:1
,mirror,miroir,ebe6,
,Mishael,Mischaël,e2dc,Lev 10:4
,Mishal,,e4e2,Lev 10:4
,Mishma,Mischma,e1c6,Gen 25:14
,Misrephoth_Maim,,e54a,Gen 25:14
,Mithkah,Mithka,e3f6,Num 33:28
,Mitylene,Mytilène,eb21,Acts 20:14
,Mizpah,Mitspa,e2cf,Gen 31:49
,Mizraim,Mitsraïm,eea8,1 Chr 1:8
,Mizzah,Mizza,e1c7,Gen 36:13
,Mnason,Mnason,eb26,Acts 21:16
,Moab_land,Moab_région,e2fa,Gen 36:35
,Moab_man,Moab_homme,eea9,Gen 19:37
,mock,moquer,ea12,
,Moladah,,e537,
,Molech,Moloc,ec26,Lev 18:21
,money,,e029,Lev 18:21
,month,mois,e34c,
,moon,lune,e272,
,Mordecai,Mardochée,e4a3,Esth 2:5
,more,plus,e199,
,Moreh,Moré,eeaa,Gen 12:6
,Moresheth,,e4a9,Gen 12:6
,Moriah,Morija,efdd,Gen 22:2
,morning,matin,e163,
,Moserah,Moséra,e485,Duet 10:6
,Moseroth,Moséroth,e3f7,Num 33:30
,Moses,Moïse,e35b,Exod 2:10
,most,le_plus,e229,
,mother,mère,e00b,
,Mount_Carmel,Mont_Carmel,e45c,1 Kgs 18:19
,Mount_Ebal,Montagne_Ebal,e415,Duet 11:29
,Mount_Gerizim,Montagne_de_Garizim,e416,Duet 11:29
,Mount_Gilboa,,e4ef,Duet 11:29
,Mount_Halak,Montagne_Nue,e44e,Josh 11:17
,Mount_Hermon,Montagne_de_l’Hermon,e49d,Duet 3:8
,Mount_Hor,Montagne_de_Hor,e3b4,Num 20:22
,Mount_Nebo,Montagne_Nebo,e486,Duet 32:49
,Mount_of_Olives,Montagne_des_Oliviers,e351,Matt 21:1
,Mount_Peor,Mont_Péor,e392,Num 23:28
,Mount_Pisgah,Mont_Pisga,e393,Num 21:20
,Mount_Shepher,Mont_Schapher,e3f8,Num 33:23
,Mount_Sinai,Mont_Sinaï,eb5c,Exod 19:11
,Mount_Tabor,,e567,Exod 19:11
,Mount_Zalmon,,e568,Exod 19:11
,Mount_Zion,Mont_Sion,ecf5,2 Kgs 19:31
,mountain,montagne,e306,
,mouth,bouche,e03f,
,move,bouger,e32f,
,Muppim,Muppim,efde,Gen 46:21
,murderer,meurtrier,ea10,
,Mushi,Muschi,e2c6,Exod 6:19
,mustard,moutarde,e039,
,mute,sourd,e050,
,Myra,Myra,ec28,Acts 27:5
,myrrh,myrrhe,e245,
,Mysia,Mysie,eb4a,Acts 16:7
,mystery,mystère,e18b,
,Naamah_village,,e538,
,Naamah_woman,,eeab,
,Naaman,Naaman,ec6d,Gen 46:21
,Naarah_village,Naaratha_village,e472,Josh 16:7
,Naarah_woman,Naara_femme,e477,1 Chr 4:5
,Nadab,Nadab,e2e3,Exod 6:23
,Naggai,Naggaï,ec4a,Luke 3:25
,Nahalal,,e4e3,Luke 3:25
,Nahaliel,Nahaliel,e394,Num 21:19
,Nahath,Nahath,e1c8,Gen 36:13
,Nahbi,Nachbi,e2a6,Num 13:14
,Nahor,Nachor,ec6e,Gen 11:22
,Nahshon,Nachschon,ea52,Exod 6:23
,Nahum,Nahum,ec48,Nah 1:1
,nail,clou,ebaa,
,Nain,Naïn,ea48,Luke 7:11
,name,nom,e04f,
,Naomi,Naomi,e421,Ruth 1:2
,Naphish,Naphisch,eee9,Gen 25:15
,Naphtali_land,,e5d6,Gen 25:15
,Naphtali_man,,ea40,Gen 25:15
,Naphtuh,Naphtuhim,eeac,Gen 10:13
,Narcissius,,ebc9,Gen 10:13
,Nathan,Nathan,ec6f,2 Sam 5:14
,Nazareth,Nazareth,e34e,Matt 2:23
,Nazarite,Naziréat,e395,Num 6:22
,Neah,,e590,Num 6:22
,Neapolis,Néapolis,eb4e,Acts 16:11
,near,près,e300,
,Nebaioth,Nebajoth,eead,Gen 28:9
,Nebat,,e5d7,Gen 28:9
,Nebo,Nebo,e3f9,Num 33:47
,Nebuchadnezzar,Nebucadnetsar,e41c,Jer 21:2
,neck,cou,e0d3,
,need,avoir_besoin,e07f,
,needle,aiguille,e078,
,Negev,Neguev,eeae,Gen 12:9
,Neiel,,e591,Gen 12:9
,neighbor,voisin,e173,
,Nemuel,Nemuel,e396,Num 26:9
,Nepheg,Népheg,e2e4,Ex 6:21
,Nephtoah,,e539,Ex 6:21
,Ner,,e5c6,Ex 6:21
,Nereus,Nérée,ebca,Rom 16:15
,Neri,Néri,ec70,Luke 3:27
,nest,nid,e399,
,net,filet,e307,
,Nethanel,Nethaneel,e2ff,Num 1:8
,new,nouveau,e308,
,Nezib,,e53a,
,Nibshan,,e53b,
,Nicanor,Nicanor,eb55,Acts 6:5
,Nicodemus,Nicodème,ebab,John 3:1
,Nicolaus,Nicolas,eb56,Acts 6:5
,Nicopolis,Nicopolis,ed08,Titus 3:12
,Nile,Nil,efdf,Exod 7:18
,Nimrah,Nimra,e3cf,Num 32:3
,Nimrod,Nimrod,eeaf,Gen 10:8
,Nimshi,,e5d8,Gen 10:8
,nine,neuf,e294,
,Nineveh,Ninive,e0c6,Gen 10:12
,no,non,e17c,
,Noah_man,Noé,ea43,Gen 6:8
,Noah_woman,Noa,e47a,Num 36:11
,Nob,Nob,e463,1 Sam 21:1
,Nobah_land,Nobach_région,e3d0,Num 32:42
,Nobah_man,Nobach_homme,e412,Num 32:42
,Nod,Nod,eeb1,Gen 4:16
,Nophah,Nophach,e39b,Num 21:30
,north,nord,ea74,
,nose,nez,e309,
,now,maintenant,e215,
,number,nombre,e0b7,
,Nun,Nun,e2e6,Exod 33:11
,Nympha,Nymphas,ecea,Col 4:15
,Obadiah,Abadias,e44f,Neh 10:5
,Obal,Obal,eeb2,Gen 10:28
,Obed,Obed,ea56,Matt 1:5
,obey,obéir,e04e,
,Oboth,Oboth,e39c,Num 33:43
,ocean,océan,e14d,
,offering,offrande,e03a,
,Og,Og,e39d,Ps 135:11
,Ohad,Ohad,efe1,Gen 46:10
,Oholiab,Oholiab,e0cf,Exod 31:6
,Oholibamah_man,Oholibama_homme,e0ac,Gen 36:41
,Oholibamah_woman,Oholibama_femme,efe0,Gen 36:18
,oil,huile,e030,
,Okran,Ocran,e2a7,Num 1:13
,old,vieux,e189,
,olive,olive,eda1,
,Olympus,Olympe,ebcb,Rom 16:15
,Omar,Omar,e1c9,Gen 36:11
,Omri,,e60e,Gen 36:11
,on,sur,e113,
,On_city,On_ville,efe2,Gen 41:45
,Onam,Onam,e1ca,Gen 36:23
,Onan,Onan,e1cb,Gen 38:8
,one,un,e28c,
,Onesimus,Onésime,ecb8,Phlm 1:10
,open,ouvrir,e18a,
,Ophir,Ophir,e5d9,Gen 10:29
,Ophrah,,e569,Gen 10:29
,or,ou,e106,
,Oreb,,e56a,
,Orpah,Orpa,e422,Ruth 1:4
,other,autre,e184,
,Othniel,,e53c,
,out,hors_de,e241,
,owe,devoir,ea49,
,own,propre,eced,
,ox,boeuf,ea85,
,Ozni,Ozni,e39e,Num 26:16
,Paddan_Aram,Paddan_Aram,eeea,Gen  25:20
,Pagiel,Paguiel,e2a8,Num 1:13
,pain,douleur,e24f,
,Pallu,Pallu,e1cc,Exod 6:14
,Palti,Palthi,e1f0,Num 13:9
,Paltiel,Paltiel,e3fb,Num 34:26
,Pamphylia,Pamphylie,eb6e,Acts 2:10
,Paphos,Paphos,eb9f,Acts 13:6
,paralyze,paralyser,e131,
,Paran,Paran,eeeb,Gen 21:21
,Parmenas,Parménas,eb57,Acts 6:5
,Parnak,Parnac,e3fc,Num 34:25
,part,portion,e29b,
,Parthia,Parthes,eb0a,Acts 2:9
,Paruah,,e5aa,Acts 2:9
,passion,passion,ebac,
,Passover,P̂aque_de_l’Eternal,e20d,Exod 12:11
,past,passé,e16d,
,pastor,pasteur,ecc3,
,Patara,Patara,ec23,Acts 21:1
,Pathrusites,Patrusim,eeb4,1 Chr 1:12
,patient,patient,e16f,
,Patmos,Patmos,ebf4,Rev 1:9
,Patrobas,Patrobas,ebcc,Rom 16:14
,Pau,Pau,efd0,Gen 36:39
,Paul,Paul,e377,Acts 13:9
,pavement,pavé,ebad,
,peace,paix,e123,
,Pedahel,Pedahel,e3fd,Num 34:28
,Pedahzur,Pedahtsur,e2aa,Num 1:10
,Peleg,Péleg,ec71,Gen 10:25
,Peleth,Péleth,e2fb,Num 16:1
,Pelethites,,e4b5,Num 16:1
,pen,enclos,e29c,
,Peniel,Peniel,efe4,Gen 32:30
,Peninnah,,e4f0,Gen 32:30
,Pentecost,Pentecôte,ec81,Acts 2:1
,people,peuple,e127,
,perceive,percevoir,e06a,
,Perez,Pérets,ea4c,1 Chr 27:3
,perfume,parfum,e097,
,Perga,Perge,eb47,Acts 13:13
,Pergamum,Pergame,ebf6,Rev 1:11
,period,,e37e,Rev 1:11
,Perizzites,Phéréziens,eeb5,Gen 15:20
,persecution,persécution,e03e,
,Persia,Perse,e4a4,2 Chr 36:20
,Persis,Perside,ebce,Rom 16:12
,person,person,e11f,
,Pethor,Pethor,e2fc,Num 22:5
,Pethuel,Pethuel,e424,Joel 1:1
,Phanuel,Phanuel,ec3c,Luke 2:36
,Pharaoh,Pharaon,ec94,Genesis 12:15
,Pharisee,Pharisien,e383,Matt 23:26
,Phicol,Picol,eeb6,Gen 21:22
,Philadelphia,Philadelphie,ebf8,Rev 1:11
,Philemon,Philémon,ecf2,Phlm 1:1
,Philetus,Philète,ecac,2 Tim 2:17
,Philip,Philippe,e361,Matt 10:3
,Philippi,Philippes,e347,Phil 1:1
,Philistia,Philistins,eeb7,Ps 60:8
,Philologus,Philologue,ebcf,Rom 16:15
,philosopher,philosopher,ec04,
,Phinehas,Phinées,e2c9,Exod 6:25
,Phlegon,Phlégon,ebd1,Rom 16:14
,Phoebe,Phoebé,ebd2,Rom 16:1
,Phoenicia,Phénicie,e343,Acts 11:19
,Phoenix,Phénix,ec29,Acts 27:12
,Phrygia,Phrygie,eb76,Acts 2:10
,Phygelus,Phygelle,ecb9,2 Tim 1:15
,Pi_Hahiroth,Pi_Hahiroth,e0da,Exod 14:2
,pig,cochon,e30a,
,pigeon,pigeon,e0b6,
,Pilate,Pilate,e36f,Matt 27:2
,Pildash,Pildasch,efe3,Gen 22:22
,pillar,pilier,eca8,
,pillow,oreiller,e26c,
,Pinon,Pinon,efc0,Gen 36:41
,Piram,Piream,e417,Josh 10:3
,Pirathon,,e523,Josh 10:3
,Pishon,Pischon,eeb8,Gen 2:11
,Pisidia,Pisidie,eb97,Acts 14:24
,pitch,du_pois,eeb9,Gen 6:14
,Pithom,Pithom,e0db,Exod 1:11
,plan,faire_une_plan,e06b,
,plate,assiette,e386,
,plow,labourer,ec72,Deut  22:10
,pn,pn,ed11,
,Pontus,le_Pont,eb75,Acts 2:9
,poor,pauvre,ea3a,
,porch,portique,eb5e,John 10:23
,Porcius,Porcius,ec38,Rev 1:11
,pos,pos,e390,
,possible,possible,e098,
,Potiphar,Potiphar,eeec,Gen 37:36
,Potiphera,Poti_Phéra,e1cd,Gen 41:45
,pour,verser,e0d6,
,power,pouvoir,e124,
,praise,louange,e04b,
,pray,prier,e05e,
,preach,prêcher,e04d,
,preacher,prédicateur,e134,
,precious,précieux,ea37,
,pregnant,enceinte,e0a5,
,prepare,préparer,e091,
,press,presser,e228,Luke 8:45
,pretend,prétendre,e094,
,priest,prêtre,e03b,
,prince,prince,eb61,
,priority,priorité,ebe7,
,Priscilla,Priscille,eb18,Acts 18:2
,prison,prison,e172,
,prisoner,prisonnier,e145,
,Prochorus,Prochore,eb53,Acts 6:5
,profit,profiter,e035,
,promise,promessse,e37a,
,prophesy,prophétie,e23b,
,prophet,prophet,e135,
,prostitute_man,,e5da,
,prostitute_woman,,ecfc,
,proverb,proverbe,ec73,
,Ptolemais,Ptolémaïs,ec08,Acts 21:7
,Puah_man,Pua_homme,e1d3,Judg 10:1
,Puah_woman,Pua_femme,e0dc,Exod 1:15
,Publius,Publius,ec1a,Acts 28:7
,Pudens,Pudens,ecba,2 Tim 4:21
,punishment,punition,e1d0,
,Punon,Punon,e3fe,Num 33:42
,Purah,,e5b2,Num 33:42
,purple,pourpre,e286,
,put,mettre,e07e,
,Put_man,Puth_homme,eeba,1 Chr 1:8
,Puteoli,Putéoli,ec1e,Acts 28:13
,Putiel,Puthiel,e2ca,Exod 6:25
,Pyrrhus,Pyrrhus,eb1c,Acts 20:4
,Quartus,Quartus,ebd3,Rom 16:23
,queen,reine,eb15,1  Kgs 10:1
,questioned,question,e061,
,questionmark,,e316,
,quiet,se_taire,e185,Matt 20:31
,Quirinius,Quirinius,ec3b,Luke 2:2
,Raamah,Raema,eebb,Gen 10:7
,Rabbah,Rabbath,e49e,Deut 3:11
,Rabbith,,e507,Deut 3:11
,Rachel,Rachel,ea41,Gen 29:6
,Rahab,Rahab,ea55,Josh 2:1
,rain,pluie,ea3e,
,rainbow,arc_en_ciel,ecdc,
,Ram,Ram,ea50,Ruth 4:19
,Ramah,Rama,ea42,Josh 18:25
,Ramath_Lehi,,e5b3,Josh 18:25
,Ramathaim,,e4f1,Josh 18:25
,Rameses,Ramsès,efb4,Gen 47:11
,Raphu,Raphu,e2e9,Num 13:9
,Reba,Réba,e3c4,Num 31:8
,Rebekah,Rebecca,ebd4,Gen 22:23
,rebuke,répremand,e060,
,Recab,,e529,
,receive,recevoir,e1a3,
,reckon,imputé,ebc0,Rom 4:4
,reconcile,réconcilier,e026,
,red,rouge,e287,
,redeem,racheter,e02c,
,reed,roseau,ea26,
,Regem_Melek,,e5c8,
,Rehob,Rehob,e2ea,Num 13:21
,Rehoboam,Roboam,ea5a,1 Kgs 11:43
,Rehoboth,Rehobot,eebc,Gen 26:22
,Rei,,e4b6,Gen 26:22
,Rekem_city,Rékem_ville,e418,Josh 18:27
,Rekem_man,Rékem_homme,e3c3,Num 31:8
,religion,religion,ec33,
,remember,se_souvenir,e0d8,
,repeat,répéter,e049,
,repent,se__repentir,e320,
,Rephaim,Rephaïm,eebd,Josh 15:8
,Rephidim,Rephidim,e0dd,Exod 17:1
,Resen,Résen,eebe,Gen 10:12
,result,résulter,e237,
,resurrect,réssusciter,e329,
,Reu,Rehu,ec74,Gen 11:18
,Reuben,Ruben,ecc0,Gen 29:32
,Reuel,Réuel,e1ce,Gen 36:4
,Reumah,Rèuma,efc4,Gen 22:24
,reward,récompense,e02d,
,Rezon,,e5db,
,Rhegium,Reggio,ec1d,Acts 28:13
,Rhesa,Rhèsa,ec75,Luke 3:27
,Rhoda,Rhode,eb92,Acts 12:13
,Rhodes,Rhodes,eb25,Acts 21:1
,rib,côte,eebf,Gen 2:21
,Riblah,Ribla,e3ff,Num 34:11
,right,droit,e0f3,
,right_time,bon_moment,ed10,
,righteous,juste,e090,
,Rimmon_man,,e52b,
,Rimmon_Perez,Rimmon__Pérets,e400,Num 33:19
,Rimmon_village,,e53d,Num 33:19
,ring,bague,ebdf,
,Riphath,Riphat,eec1,Gen 10:3
,Rissah,Rissa,e401,Num 33:21
,Rithmah,Rithma,e402,Num 33:18
,river,rivière,e30b,
,road,route,e23c,
,robber,voleur,e0e9,
,rock,rocher,e26a,
,Rome,Rome,eb16,Acts 2:10
,room,pièce,eb06,
,rooster,coq,e25d,
,root,racine,e15c,
,Rosh,Rosch,e1d2,Gen 46:21
,rough,raboteux,ec99,Luke 3:5
,Rufus,Rufus,e36e,Mark 15:21
,run,courir,e258,
,Ruth,Ruth,ea57,Ruth 1:4
,Sabbath,Sabbat,e160,Exod 16:23
,Sabtah,Sabta,eec2,Gen 10:7
,Sabteka,Sabteca,eec3,Gen 10:7
,sacrifice,sacrifice,e0b5,
,sad,triste,e207,
,Sadducee,Sadducéens,ea03,Matt 3:7
,sail,naviguer,e267,
,Salamis,Salamine,ebe1,Acts 13:5
,Salathiel,,ec76,Acts 13:5
,Salekah,Salca,e445,Deut 3:10
,Salim,Salim,ebae,John 3:23
,Salmon,Salmon,ea53,Ruth 4:20
,Salmone,Salmone,ec15,Acts 27:7
,Salome,Salomé,e379,Mark 15:40
,salt,sel,e046,
,Salu,Salu,e403,Num 25:14
,salvation,salut,eb80,
,Samaria,Samarie,ea83,1 Kgs 13:32
,Samaritan,Samaritain,ea7b,Luke 10:33
,same,même,e24b,Matt 26:44
,Samlah,Samla,efb0,Gen36:36
,Samos,Samos,ec25,Acts 20:15
,Samothrace,Samothrace,eb4c,Acts 16:11
,Samson,Samson,ed06,Judg 13:24
,Samuel,,eb8e,Judg 13:24
,sanctuary,sanctuaire,eb01,
,sand,sable,ecfd,
,Sansannah,,e60b,
,Sapphira,Saphira,eb66,Acts 5:1
,Sarah,Sara,ebd5,Gen 17:15
,Sarai,Saraï,eec4,Gen 11:29
,Sardis,Sardes,ebf7,Rev 1:11
,Sarid,,e592,Rev 1:11
,Satan,Satan,e335,Job 1:6
,Saul,Saül,eb54,1 Sam 9:2
,save,sauver,e214,
,savior,sauveur,ec85,
,scatter,disperser,ea34,Matt 26:31
,scepter,sceptre,e404,
,Sceva,Scéva,eb19,Acts 19:14
,scorpion,scorpion,ec77,
,Scythia,Scythe,eceb,Col 3:11
,Sea_of_Galilee,Mer_de_Galilée,e350,Matt 4:18
,Sea_of_Reeds,Mer_Rouge,eb0c,Exod 10:19
,Sea_of_Tiberias,Mer_de_Tibériade,ebaf,John 6:1
,sealed,scellé,e221,
,search,chercher,e074,
,Seba_land,Saba_région,e544,Isa 43:3
,Seba_man,Saba_homme,eec5,Gen10:7 (man)
,Sebam,Sebam,e49b,Num 32:3
,Secacah,,e53f,Num 32:3
,secret,secret,e186,
,Secundus,Second,eb1d,Acts 20:4
,seed,graine,e27a,
,Seir,Séir,eec6,Gen 14:6
,Seleucia,Séleucie,eb42,Acts 13:4
,self,soi-même,ea95,
,sell,vendre,e32b,
,Semein,,ec9e,
,send,envoyer,e075,
,Sephar,Sephar,eec7,Gen 10:30
,Serah,Sérach,e1d4,Gen 46:17
,Sered,Séred,edd1,Gen 46:14
,Sergius,Sergius,eb45,Acts 13:7
,Serug,Serug,ec78,Gen11:20
,servant,serviteur,e12d,
,serve,servir,e08e,
,Seth,Seth,ec79,Gen 4:25
,Sethur,Sethur,e2eb,Num 13:13
,seven,sept,e292,
,sew,coudre,e077,
,sex,sexe,ea87,
,Shaalbim,,e5b4,
,Shaarim,,e540,
,Shaashgaz,Schaaschgaz,e41d,Esth 2:14
,shade,ombre,e079,
,Shahazumah,,e593,
,shake,secouer,e27d,
,shame,honte,e065,
,Shamgar,,e5b5,
,Shamir_man,,e47d,
,Shamir_village,,e524,
,Shammah,Schamma,efa0,Gen 36:13
,Shammua,Schammua,e2ec,Num 13:4
,Shaphat,Schaphath,e1e8,Num 13:5
,Shaphir,,e4aa,Num 13:5
,share,partager,e07a,
,Sharezer,,e5c9,
,Sharon,Saron,ec2b,1 Chr 5:16
,sharp,aigüe,ebf3,
,Shaul,Saul,e1d5,Gen 46:10
,shave,raser,eb27,
,Shaveh_Kiriathaim,Schavé_Kirjathaïm,eec8,Gen 14:5
,Shealtiel,Schealthiel,ea68,Ezra 3:2
,Sheba_land,Séba_région,e425,2 Chr 9:12
,Sheba_man,Scéba_homme,eec9,2 Sam 20:1
,Shechem_city,Sichem_ville,ec95,Josh 21:21
,Shechem_man,Sichem_homme,ec97,Gen 34:20
,Shedeur,Schedër,e2ed,Num 1:5
,sheep,mouton,e270,
,Shelah,Schéla,ec7a,Gen 38:5
,Sheleph,Schéleph,eeca,Gen 10:26
,Shelomi,Schelomi,e405,Num 34:27
,Shelomith_man,Schelomith_homme,e2f1,1 Chr 23:9
,Shelomith_woman,Schelomith_femme,e543,Lev 24:11
,Shelumiel,Schelumiel,e2ee,Num 1:6
,Shem,Sem,ec7b,Gen 5:32
,Shema_man,,e555,Gen 5:32
,Shema_village,,e541,Gen 5:32
,Shemeber,Schémeéber,eecb,Gen 14:2
,Shemida,Schemida,e39f,Num 26:32
,Shemuel,Samuel,e411,Num 34:20
,Sheol,séjour__des__morts,e0c9,2 Sam 22:6
,Shepham,Schepham,e406,Num 34:10
,shepherd,berger,e271,
,Shepho,Schepho,e1d6,Gen 36:23
,Shephupham,Schupham,e3a0,Num 26:39
,Sheshai,Schéschaï,e2d3,Num 13:22
,Shibah,Schiba,e1d7,Gen 26:33
,shield,bouclier,e388,
,Shihor,,e54b,
,Shihor_Libnath,,e594,
,Shikkeron,,e542,
,Shilhim,,e54c,
,Shillem,Schillem,edd5,Gen46:24
,Shiloh,Silo,e1d8,Josh 18:1
,Shimei,Schimeï,e2cb,Num 3:18
,Shimron_man,Schimron_homme,efe7,Gen 46:13
,Shimron_village,Schimron_village,e446,Josh 11:1
,Shinab,Schineab,eecc,Gen 14:2
,Shinar,Schinear,eecd,Gen10:10
,Shion,,e607,Gen10:10
,Shiphrah,Schiphra,e0de,Exod 1:15
,Shiphtan,Schiptan,e407,Num 34:24
,Shisha,,e5ab,Num 34:24
,Shishak,,e5dc,Num 34:24
,Shittim,Sittim,e408,Num 25:1
,Shobal,Schobal,e1d9,Gen 36:20
,shoe,chaussure,e12e,
,shoulder,épaule,e132,
,shout,crier,e149,
,show,montrer,e162,
,Shua,Schua,e1e7,1 Chr 2:3
,Shuah,Schuach,eeee,Gen 25:2
,Shual,,e5b0,Gen 25:2
,Shuham,Schucham,e3b7,Num 26:42
,Shunem,,e4b7,Num 26:42
,Shuni,Schuni,e0e0,Gen 46:16
,Shur,Schur,e1da,Gen 16:7
,Shuthelah,Schutélach,e3b8,Num 26:35
,Sibmah,Sibma,e3d2,Josh 13:19
,sick,malade,e20a,
,Siddim,Siddim,eece,Gen 14:3
,side,côté,e10d,
,Sidon_city,Sidon_ville,e33c,Matt 11:21
,Sidon_man,Sidon_homme,eecf,Gen 10:15
,sigh,soupir,e047,
,sign,signe,e0a9,
,Sihon,Sihon,e3b9,Num 21:21
,Silas,Silas,eb41,Acts 15:22
,Siloam_city,Siloé_ville,ebb1,Luke 13:4
,Silvanus,Silvain,eca9,2 Cor 1:19
,silver,argent,eb2b,
,Simon,Simon,ea47,John 13:26
,Simon_Jesus_Brother,Simon_Jésus_frère,ea92,Matt 13:55
,Simon_of_Cyrene,Simon__de_Cyrène,e37c,Mark 15:21
,Simon_Peter,Simon_Pierre,e356,Matt 4:18
,Simon_the_Canaanite,Simon_le_Cananéen,e364,Matt 10:4
,Simon_the_Leper,Simon_le_lépreux,e0f8,Mark 14:3
,sin,péché,e08f,
,Sin,Sin,e0ea,Ezek 30:15
,sing,chanter,e0e2,
,Sinites,Siniens,eed1,Gen 10:17
,sinner,pécheur,e151,
,Sisera,,e5b6,
,sister,soeur,e00e,
,sisters,soeurs,e00f,
,Sithri,Sithri,e2e5,Exod 6:22
,Sitnah,,eed2,Exod 6:22
,six,six,e291,
,skull,crâne,e20f,
,sky,ciel,ec8b,
,slave,esclave,e10e,
,sleep,dormir,e121,
,slow,lent,e19c,
,small,petit,e19b,
,smaller,plus_petit,e32e,
,smoke,fumée,ec03,
,smooth,lisse,ec9a,
,Smyrna,Smyrne,ebf5,Rev 1:11
,snake,serpent,e30c,
,snow,neige,ebfb,
,Sodi,Sodi,e2d4,Num 13:10
,Sodom,Sodome,ea8e,Gen 10:19
,soft,,e268,Gen 10:19
,Sokoh,,e54d,Gen 10:19
,soldier,soldat,e12f,
,Solomon,Salomon,ea32,2 Sam 5:14
,son,le_fils,e004,
,Son_of_Man,Fils_de_l’homme,e352,Matt 8:20
,sons,les_fils,e005,
,Sopater,Sopater,ec20,Acts 20:4
,sorcery,sorcerie,ec8c,
,Sorek,,e5b7,
,Sosthenes,Sosthéne,eb3c,Acts 18:17
,soul,âme,e10f,
,sound,son,ebe9,
,south,sud,ea31,
,sow,semer,e07d,
,sower,semeur,e133,
,Spain,Espagne,ebd6,Rom 15:24
,spice,épice,ecfe,
,spirit,esprit,e187,
,spit,cracher,e048,
,sponge,éponge,ea18,
,spot,tache,ed01,
,spy,espionner,ed07,
,Stachys,Stachys,ebd7,Rom 16:9
,staff,bâton_berger,e14c,
,stair,escalier,e0d9,
,stand,se_tenir,e32c,
,star,étoile,e0c3,
,start,commencer,e231,
,stay,rester,e83b,
,steal,voler,e07b,
,stem,tige,ea01,
,Stephanas,Stéphanas,ebea,1 Cor 1:16
,Stephen,Étienne,eb6b,Acts 6:5
,stern,poupe,e266,
,stewardship,charge__d’intendant,e07c,
,stick,bâton,e398,
,Stoic,Stoïciens,ec06,Acts 17:18
,stomach,stomach,e0c8,
,stop,stop,e073,
,storehouse,storehouse,ec43,
,storm,storm,e27c,
,story,story,e22d,
,straight,tout_droit,e313,
,stranger,étranger,e069,
,strangled,étranglé,eb33,
,stretch,étendre,e31c,
,string,corde,ecc7,
,strong,fort,e08a,
,stumble,trébucher,e257,
,stumbling_block,pierre_d’achoppement,ea27,
,Succoth_city,Succoth_ville,e0a0,Josh 13:27
,Succoth_land,Succoth_région,e2e7,Gen 33:17
,suffering,souffrance,e222,
,summer,été,e0c4,
,sun,soleil,e15f,
,sundown,coucher_de_soleil,e161,
,Suphah,Supha,e3d5,Num 21:14
,Susa,Suse,e4a5,Ezra 4:9
,Susanna,Susanne,ec7c,Luke 8:3
,sweet,doux,e30d,
,sword,épée,e282,
,synagogue,synagogue,e0b9,
,Syntyche,Syntyche,ece6,Phil 4:2
,Syracuse,Syracuse,ec1c,Acts 28:12
,Syria,Syrie,e342,Matt 4:24
,Taanach,Taanac,e447,Josh 12:21
,Tabbath,,e5b8,Josh 12:21
,Taberah,Tabeéra,e2d5,Num 11:3
,table,table,e280,
,Tabrimmon,,e5f1,
,Tahan,Thachan,e476,Num 26:35
,Tahash,Tahasch,e1db,Gen 22:24
,Tahath,Tahath,e409,Num 33:26
,tail,queue,ecd6,
,Talmai,Talmaï,e2d6,Num 13:22
,Tamar,Tamar,ea4e,Gen 38:6
,tambourine,tambourin,e413,
,Taphath,,e5ac,
,Tappuah,Tappuach,e448,Josh 12:17
,Tarshish_man,Tarsis_homme,eed3,Gen 10:4
,Tarshish_village,Tarsis_village,eed4,Ps 48:7
,Tarsus,Tarse,ec30,Acts 9:11
,taste,goûter,ea07,
,tax,impôt,e02b,
,tax_collector,Impôt_collecteur,e12a,
,teach,enseigner,e04c,
,teacher,enseignant,e12b,
,Tebah,Thébach,e0b0,Gen 22:24
,teeth,dent,e0b1,
,Tekoa_man,Tekoa_homme,e1ff,1Cron 2:24
,Tekoa_village,Tekoa,e45d,2 Sam 14:2
,Telem_man,,e2a9,2 Sam 14:2
,Telem_village,,e54e,2 Sam 14:2
,Tema_land,Théma_région,ea60,Isa 21:14
,Tema_man,Téma_homme,eeed,Gen 25:15
,Teman_land,Théman_région,e1e1,Jer 49:20
,Teman_man,Théman_homme,ef90,Gen 36:11
,temple,temple,e03d,
,tempt,tenter,e183,
,ten,dix,e295,
,tent,tente,eb32,
,Terah_land,Tarach__région,e40a,Num 33:28
,Terah_man,Térach_homme,ec7d,Gen 11:24
,Teresh,Théresch,e4a6,Esth 2:21
,Tertius,Tertius,ebee,Rom 16:22
,Tertullus,Tertulle,eb9b,Acts 24:1
,test,test,ec21,
,testimony,témoignage,e22e,
,Thaddaeus,Thaddée,e37b,Matt 10:3
,Thebes,Amon_de_No,e44a,Jer 46:25
,Thebez,,e5b9,Jer 46:25
,Theophilus,Théophile,eb67,Luke 1:3
,Thessalonica,Thessalonique,eb12,Acts 17:1
,Theudas,Theudas,eb71,Acts 5:36
,they,ils,e125,
,thigh,cuisse,ed0d,
,thing,chose,e105,
,thirst,soif,eccf,
,this,ceci,e226,
,Thomas,Thomas,e363,Matt 10:3
,thorn,épine,e27b,
,thousand,millier,e296,
,three,trois,e28e,
,threshing,battage,ea39,
,threshing_floor,aire_de_battage,ec42,
,throne,trône,ec84,
,through,à_travers,e10b,
,throw,jeter,e327,
,Thummim,Thummim,e0eb,Exod 28:30
,thunder,tonnerre,e044,
,Thyatira,Thyatyre,eb52,Acts 16:14
,Tiberias_city,Tibériade_ville,ebb0,John 6:23
,Tiberius_man,Tibère_homme,ec3d,Luke 3:1
,Tidal,Tideal,eed5,Gen 14:1
,tie,nouer,e30e,
,Tigris,Hiddékel,eed6,Dan 10:4
,Timaeus,Timée,e36c,Mark 10:46
,time,temps,e16a,
,Timna_man,Thimna_homme,e0ad,Gen 36:22
,Timna_woman,Thimna_femme,ef80,Gen 36:12
,Timnah,Thimna_région,e1dc,Josh 15:10
,Timnath_Heres,,e5ba,Josh 15:10
,Timnath_Serah,,e4e4,Josh 15:10
,Timon,Timon,ec96,Acts 6:5
,Timothy,Timothée,ec02,1 Tim 1:2
,Tiphsah,,e5ad,1 Tim 1:2
,Tiras,Tiras,eed7,Gen 10:2
,Tirzah_village,Tirtsa_village,e449,Josh 12:24
,Tirzah_woman,Tirtsa_femme,e3ba,Num 26:33
,tithe,dîme,ed0f,
,Titus,Tite,eb38,Titus 1:4
,Tob,,e5bb,Titus 1:4
,toe,orteil,e2c8,
,Togarmah,Togarma,eed8,Gen 10:3
,together_people,gens_ensemble,e126,
,Tola,Tola,e0c0,Gen 46:13
,tomb,tombeau,e178,
,tongue,langue,e045,
,tool,outil,eb34,
,Tophel_land,,e487,
,touch,toucher,e10c,
,tower,la_tour,e30f,
,Trachonitis,Trachonite,ec3f,Luke 3:1
,transfiguration,transfiguration,e31f,
,tree,arbre,e244,
,tribe,tribu,ea81,
,Troas,Troas,ec0b,Acts 16:8
,Trophimus,Trophime,eb1e,Acts 20:4
,trouble,difficulté,e333,
,true,vrai,e09c,
,trumpet,trompette,ea79,
,trust,faire_confiance,e023,
,try,essayer,eb94,
,Tryphaena,Tryphène,ebd8,Rom 16:12
,Tryphosa,Tryphose,ebd9,Rom 16:12
,Tubal,Tubal,eed9,Gen 10:2
,Tubal_Cain,Tubal_Cain,eeef,Gen 4:22
,twin,jumeau,ec1b,
,two,deux,e28d,
,Tychicus,Tychique,ecbb,Acts 20:4
,type,type,ed00,
,Tyrannus,Tyrannus,eb3f,Acts 19:9
,Tyre,Tyr,e33b,Josh 19:29
,Ummah,,e608,Josh 19:29
,under,sous,e10a,
,understand,comprendre,e063,
,unity,unité,e297,
,unleavened,sans_levain,e043,
,untie,dénouer,e37f,
,until,jusquà,e16c,
,up,en_haut,e315,
,Ur,Ur,efa5,Gen 11:28
,Urbanus,Urbain,ebda,Rom 16:9
,Uri,Uri,e2e8,Exod 31:2
,Uriah,Urie,ea46,2 Sam 11:3
,Urim,Urim,e2cc,Exod  28:30
,us,nous,e167,
,use,utiliser,e08d,
,Uz_land,Uts_région,e1dd,Job 1:1
,Uz_man,Uts_homme,eef1,Gen 10:23
,Uzal,Uzal,eef2,Gen 10:27
,Uzziah,Ozias,ea5f,2 Kgs 15:13
,Uzziel,Uziel,e2f2,Exod 6:18
,valley,vallée,eba7,
,Valley_of_Eskol,Vallée_d’Eschcol,e2d7,Num 13:23
,Vashti,Vasthi,e4a7,Esth 1:9
,vendor,vendeur,e0b4,
,very,très,e211,
,victory,victoire,eb14,
,village,village,e19a,
,vine,vigne,ec91,
,vineyard,vigneron,e27f,
,virgin,vierge,ea7e,
,voice,voix,e042,
,Vophsi,Vophsi,e40b,Num 13:14
,Waheb,Vaheb,e3bb,Num 21:14
,waist,taille,e391,
,wait,attendre,ea11,
,walk,marcher,e256,
,wall,mur,e288,
,war,guerre,e283,
,wash,laver,e08b,
,watchman,gardien,e0a8,
,watchtower,tour_de_guet,e23a,
,water,eau,e247,
,wave,vague,e328,
,weak,faible,ea24,
,weary,fatigué,ebfe,
,wedding,mariage,e011,
,week,semaine,ebb2,
,weigh,peser,e0e6,
,well,puits,ebb3,
,west,ouest,ea89,
,what,quoi,e109,
,where,où,e15a,
,whip,fouetter,e310,
,white,blanc,e285,
,who,qui,e1a1,
,why,pourquoi,e067,
,wide,large,ecc4,
,widow,veuve,e016,
,wife,épouse,e014,
,wild,sauvage,e17e,
,wilderness,région_sauvage,e156,
,wind,vent,e220,
,window,fenêtre,e311,
,wine,vin,e275,
,wing,aile,eb7d,
,winnowing_fork,van_à_la_main,ec41,Matt 3:12
,winter,hiver,e16b,
,wisdom,sagesse,e064,
,with,avec,e24c,
,woman,femme,e008,
,wool,laine,ebfa,
,word,mot,ebb4,
,Word,Parole,ebb8,John 1:1
,work,travail,e08c,
,world,monde,e129,
,worm,ver_de_terre,ea06,
,Wormwood,Absinthe,ecd3,Rev 8:11
,worse,pire,e182,
,worth,qui_vaut,e09b,
,wrap,emballage,ea19,
,wrath_of_God,colère_de_Dieu,e02a,
,writer,écrivain,e12c,
,wrong,faux,ea02,
,Yahweh,Yahvé,e0c7,Exod 6:3
,year,année,e15e,
,yellow,jaune,ecdb,
,yoke,joug,eb09,
,you,vous,e314,
,young,jeune,e0f1,
,Zaanan,,e4ab,
,Zaanannim,,e5bc,
,Zaavan,Zaavan,ef70,Gen 36:27
,Zabdi,,e54f,Gen 36:27
,Zabud,,e5ae,Gen 36:27
,Zacchaeus,Zachée,ec7e,Luke 19:2
,Zaccur,Zaccur,e1f1,Num 13:4
,Zadok,Tsadok,ea6d,2 Sam 15:24
,Zalmonah,Tsalmona,e40c,Num 33:41
,Zalmunna,,e5bd,Num 33:41
,Zanoah,,e550,Num 33:41
,Zaphon,,e525,Num 33:41
,Zarephath,Sarepta,ec7f,1 Kgs 17:9
,Zarethan,,e4e5,1 Kgs 17:9
,Zebah,,e5be,1 Kgs 17:9
,Zebedee,Zébédée,e359,Matt 4:21
,Zeboyim,Tseboïm,eef3,1 Sam 13:18
,Zebul,,e5bf,1 Sam 13:18
,Zebulun_land,,e5c0,1 Sam 13:18
,Zebulun_man,,ea3f,1 Sam 13:18
,Zechariah,Zacharie,ea98,Zech 1:1
,Zedad,Tsedad,e40d,Num 34:8
,Zeeb,,e5c1,Num 34:8
,Zelophehad,Tselophchad,e3bc,Num 26:33
,Zemarites,Tsemariens,eef4,Gen 10:18
,Zenas,Zénas,ed09,Titus 3:13
,Zephaniah,,e60f,Titus 3:13
,Zephath,,e5c2,Titus 3:13
,Zepho,Tsepho,e1de,Gen 36:11
,Zephon,Tsephon,e0d0,Num 26:15
,Zer,,e609,Num 26:15
,Zerah,Zérach,ea4d,Gen 36:13
,Zered,Zéred,e3bd,Deut 2:13
,Zeredah,,e5f2,Deut 2:13
,Zeresh,Zéresch,e4a8,Esth 5:10
,Zereth_Shahar,,e551,Esth 5:10
,zero,zéro,e28b,
,Zeruah,,e5f3,
,Zerubbabel,Zorobabel,ea69,Ezra 2:2
,Zeruiah,,e4dd,Ezra 2:2
,Zeus,Zeus,eb2d,Acts 14:12
,Ziba,,e52c,Acts 14:12
,Zibeon,Tsibeon,ef60,Gen 36:20
,Zichri,Zikri,e2cd,Exodus 6:21
,Ziddom,,e60a,Exodus 6:21
,Ziklag,,e52d,Exodus 6:21
,Zillah,Tsilla,eef5,Gen 4:19
,Zilpah,Zilpa,efa6,Gen 29:24
,Zimran,Zimran,e1df,Gen 25:2
,Zimri,Zimri,e40e,Num 25:14
,Zin,Tsin,e1f2,Num 13:21
,Zior,,e552,Num 13:21
,Ziph_man,,e556,Num 13:21
,Ziph_village,,e553,Num 13:21
,Ziphron,Ziphron,e40f,Num 34:9
,Zippor,Tsippor,e2fd,Num 22:2
,Zipporah,Séphora,e2ce,Exod 2:21
,Zoan,Tsoan,e1f3,Num 13:22
,Zoar,Tsoar,eef6,Gen 13:10
,Zohar,Tsochar,efa7,Gen 23:8
,Zoheleth,,e4de,Gen 23:8
,Zophim,Tsophim,e3be,Num 23:14
,Zorah,,e554,Num 23:14
,Zuar,Tsuar,e1f4,Num 1:8
,Zuph,,e4f3,Num 1:8
,Zur,Tsur,e410,Num 25:15
,Zuriel,Tsuriel,e1f5,Num 3:35
,Zurishaddai,Tsurischaddaï,e1f6,Num 1:6
,Zuzites,Zuzim,eef7,Gen 14:5
