pw77_810_FR.ods,primary words dictionary for given language
pw77_810_FR.csv,primary words dictionary for given language
sun77_810_FR.kmn,kmn file generated from merging dist/pw77_810_EN.csvand dist/pw77_810_FR.csv
SUNBF77_810_FR.sfd,Fontforge file created from dist/pw77_810_EN.csv
SUNBF77_810_FR.ttf,ttf file created from dist/SUNBF77_810_FR.sfd
SUNBF77_810_FR.woff,woff file created from dist/SUNBF77_810_FR.sfd
compact77_810_FR.ods,Primary Dictionary in compact form for printing with less paper
back77_810_FR.txt,All the words printed from the backfont for verification
readMe.csv,This File
