,period,,E37E,
,possesive,,E390,
,Aaron,Арон,EB0D,
,Abaddon,Абаддон,ECD7,
,Abel,Авель,EA96,
,Abel_Mizraim,Абель Мицраим,EFA9,
,Abiathar,Авиафар,E35F,
,Abida,Абида,EEF8,
,abide,обитать,E17B,
,Abijah,Авия,EA5B,
,Abilene,Абилин,EC4D,
,ability,способность,E124,
,Abimael,Абимаэль,E0FB,
,Abimelech,Авимелех,E0AB,
,Abiud,Авиуд,EA6A,
,abomination,отвратительный,E0A4,
,about,относительно,E11B,
,above,над,E110,
,Abraham,Абрахам,E373,
,Abram,Аврам,E1D1,
,Abyss,Бездна,EC4E,
,according_to,в соответствии с,E24D,
,accuse,обвиняемый,E055,
,Achaia,Ахайя,EB7C,
,Achaicus,Ахаик,ECA5,
,Achim,Ахим,EA6E,
,Adah,Ада,EDA7,
,Adam,Адам,EC4F,
,Adbeel,Адбиль,E0FE,
,Addi,Адди,EC50,
,Admah,Адма ,EDA8,
,Admin,Админ ,EC51,
,adopt,принимать,E177,
,adoption,принятие,E177,
,Adramyttium,Адрамиттиум ,EB93,
,Adriatic_Sea,Адриатическое море ,EC17,
,Adullam,Адуллам ,EFAA,
,adultery,неверность,E027,
,Aeneas,Эней,EC2A,
,Aenon,Энон ,EBA1,
,afraid,испуганный,E056,
,after,после,E11D,
,Agabus,Агабус ,EB89,
,against,против,E330,
,Agrippa,Агриппа ,EB9D,
,Ahaz,Ахаз ,EA61,
,Ahuzzath,Ахуззат ,EDA9,
,Ai,Aй ,EDAA,
,Aiah,Айя ,E0FD,
,air,воздух,E312,
,Akan,Акан ,EFE5,
,Akbor,Акбор ,E0ED,
,Akkad,Аккаэ ,EDAB,
,alabaster,алебастр,E0D4,
,Alexander,Александр ,EA14,
,Alexandria,Александрия ,EB5A,
,alive,живой,E09F,
,all,все,E251,
,Allon_Bakuth,Аллон_ Бакут ,EFAB,
,allow,позволять,E04A,
,Almodad,Альмодаи ,EDAC,
,alone,себя,E223,
,Alphaeus,Альфаеус ,EC24,
,altar,алтарь,EA3C,
,Alvah,Алва,EFE6,
,Alvan,Алван ,EFE8,
,always,все время,E252,
,Amalek_man,Амалек_человек ,EFE9,
,amazed,пораженный,E14A,
,amazing,удивительный,E14A,
,ambassador,посол,EBFD,
,amen,аминь,E100,
,Amittai,Амиттай ,E1CF,
,Amminadab,Аминадава,EA51,
,Ammon,Аммон ,EDAE,
,Amon,Амон,EA64,
,Amorites,Амореи,EDAF,
,Amos,Амос,EC47,
,Amphipolis,Амфиполь,EB2E,
,Ampliatus,Амплия,EBB9,
,Amraphel,Амрафель ,EDB1,
,Anah,Ана,E0BA,
,Anam,Инаам ,EDB2,
,Ananias,Анания ,EB65,
,ancestor,Предки,EC80,
,and,и,E11C,
,Andrew,Эндрю ,E357,
,Andronicus,Андроника ,EBBA,
,Aner,Анер ,EDB3,
,angel,Ангел ,E0A7,
,anger,гнев,E204,
,angry,сердитый,E204,
,animal,животное,E102,
,Anna,Анна,EB02,
,Annas,Ханан,EB63,
,anointed,помазанник_Божий,E033,
,another,другой,EBF2,
,Antichrist,антихрист,ED0E,
,Antioch,Антиохия,EB58,
,Antipas,Антипы ,EC01,
,Antipatris,Антипатрисы ,EB9A,
,Apelles,Апеллес ,EBBB,
,Apollonia,Аполлония ,EB30,
,Apollos,Аполлоc,EB3E,
,apostle,апостол,EBEF,
,appear,появиться,E162,
,Apphia,Апфия ,ECF1,
,appointed,Назначен ,E041,
,Appolyon,Апполион,ECD7,
,Aquila,Аквила,EB17,
,Arabia,Аравия ,EB77,
,Aram,Арам ,edb4,
,Aram_man,Арам_человек,EDB4,
,Aram_Naharaim,Арам_Нахараим,EB72,
,Aran,Аран ,E0FA,
,Ararat,Арарат ,EDB5,
,Archippus,Архиппус ,ECE7,
,Ard,ОРЗ,E0FF,
,Areli,Арели ,EFAC,
,Areopagus,Аеопагус ,EC35,
,Aretas,Аретас ,ECA6,
,argument,аргумент,E057,
,Arimathea,Ариматея ,E34D,
,Arioch,Ариох ,EDB6,
,arise,Восстань,E322,
,Aristarchus,Аристарх ,EC10,
,Aristobulus,Аристобулус ,EBBC,
,Arkites,Аркиты ,EDB7,
,arm,вооружить ,E14E,
,armor,армию ,EBBD,
,army,армия,E148,
,Arni,Арни ,EC52,
,Arodi,Ароди ,E168,
,around,вокруг,E31B,
,Arphaxad,Арфаксад ,EC53,
,arrest,Арестуйте,E25F,
,arrow,стрела,ECBF,
,Artemas,Артемас,EC34,
,Arvad,Арвад ,EDB8,
,Asa,Аса,EA5C,
,ascend,взбираться,E322,
,Asenath,Асенат,EFAD,
,ash,пепел ,EA90,
,ashamed,стыдно ,E05F,
,Ashbel,Ашбель ,EFAE,
,Asher,Ашер,EBDE,
,Ashhur,Ашур ,EBDD,
,Ashkenaz,Ашкеназ ,EDB9,
,Ashteroth_Karnaim,Аштерот_Карнаим,EDBA,
,Ashur_land,Ашур_Лэнд ,E0EF,
,Ashur_man,Ашур_человек ,EDBB,
,Asia,Азия ,EB6F,
,ask,спросить ,E061,
,Asshurites,АшуритАс ,E1EF,
,Assos,Ассос ,EB20,
,assurance,гарантии ,E070,
,Assyria,Ассирия ,EDBC,
,Asyncritius,Асинритиус ,EBBE,
,Atad,Атад ,EFAF,
,Athens,Афины ,EB07,
ë,Attalia,Атталия ,EB31,
,attendant,сопровождающий,E150,
,author,автор,E12C,
,authority,власть,E034,
,avenge,мстить,ED0C,
,Avith,Авив,EFEA,
,awake,проснуться,EC54,
,away,прочь,E11E,
,Azor,Азор,EA6C,
,Azotus,Азотуc,EB7E,
,Baal,Баал,EBBF,
,Baal_Hanan,Баал_Ханан,E169,
,Babel,Бавил,EA67,
,baby,младенец,E0A6,
,Babylon,Бавилон,EA67,
,backward,назад,E325,
,bad,плохой,E17D,
,bag,сумка,E26F,
,Balaam,Валаам,ECA1,
,Balak,Балак,EBFF,
,bank,банк,EC55,
,baptism,крещение,E24A,
,baptize,крестить,E24A,
,Barabbas,Баравва,E36D,
,Barachiah,Баракахия ,EA97,
,Barak,Барак ,ED02,
,Barnabas,Варнава,EC2F,
,Barsabbas,Баравваc,EB69,
,Bartholomew,Бартоломью ,E362,
,Bartimaeus,Бартимей,E36B,
,Basemath,Басемафу,EDBD,
,basket,корзина,E19F,
,battle,битва,E283,
,bear,медведь,ECEF,
,bear_with,потерпеть,E227,
,beast,зверь,E103,
,beat,бить,E0E4,
,beautiful,красивый,EA4A,
,beauty,красота,EA4A,
,because,потому_что,E066,
,beckon,манить,E040,
,become_person,стать_личностью,E83A,
,become_thing,стать_вещью,E839,
,bed,кровать,E122,
,Bedad,Бедад ,E1EE,
,Beelzebul,Бельзевул,E335,
,Beer_Lahai_Roi,Биво_Лаха_Рой,EEF9,
,Beeri,Бири,EDBE,
,Beersheba,Беэр-Шева ,EDBF,
,before,до,E107,
,beg,умолять,E21E,
,beginning,начало,E231,
,behind,позади,E116,
,Beker,Бекер ,EFB1,
,Bela_man,Бела_человек ,E1ED,
,Bela_village,Деревня_Бела ,EDC1,
,believe,верить,E06F,
,Believer,Верующий,EB90,
,belt,вызов,E29D,
,Ben_Ammi,,EDC2,
,Ben_oni,,E1A4,
,Benjamin,Бенджамин,EB4B,
,Beor,Быть_или,EDA3,
,Bera,Бера,EDC3,
,Berea,Берея,EB13,
,Bered_city,,E2D0,
,Bered_man,,EFB2,
,Beriah,Берия,EFB3,
,Bernice,Бернис,EB9E,
,beside,рядом,E117,
,best,лучший,E21F,
,Bethany,Вифания,E349,
,Bethel,Вефиль,EDC4,
,Bethesda,Вифезда,EBA0,
,Bethlehem,Вифлеем,EA45,
,Bethphage,Виффагия,E348,
,Bethsaida,Вифсаида,E340,
,Bethuel_city,,E1E0,
,Bethuel_man,,E1A0,
,betray,предавать,E195,
,betrayal,предательство,E195,
,better,лучше,E09E,
,between,между,E118,
,Bible,Библия,E22C,
,big,большой,E120,
,Bilhah,Валла,EEFA,
,Bilhan,Бильхан,EFEB,
,bird,птица,E25C,
,Birsha,Беро,EDC5,
,birth,рождение,E235,
,Bithynia,Вифиния,EB48,
,bitter,горький,ECD2,
,black,черный,EB86,
,blaspheme,богохульст,E05B,
,blasphemy,богохульство,E05B,
,Blastus,Бластус,EB8D,
,blemish,порок,ED01,
,bless,благословить,E05C,
,blessed,благословенный,EA21,
,blessing,благословение,E05C,
,blind,слепой,E192,
,blood,кровь,E087,
,blue,синий,ECDA,
,boast,хвастовство,E14B,
,boat,лодка,E265,
,Boaz,Вооз,EA54,
,body,тело,E143,
,bone,кость,E0B2,
,book,книга,E22A,
,born,рожденный,E235,
,bottom,дно,E119,
,bound,связанный,E25F,
,bow,лук,E210,
,bow_arrow,,ECC8,
,bowl,чаша,E384,
,box,коробка,E29E,
,boy,мальчик,E001,
,boys,мальчики,E002,
,Bozrah,Бозра,EFEC,
,branch,ветка,E246,
,brave,храбрый,E196,
,bread,хлеб,E05D,
,break,перерыв,E0E1,
,breastplate,нагрудный_знак,ECD5,
,breath,дыхание,ECEE,
,breathe,дышать,ECEE,
,bribe,взятка,EBDB,
,brick,кирпич,EEFB,
,bride,невеста,E015,
,bright,яркий,E21B,
,bring,приносить,E088,
,bronze,бронза,EB2C,
,brother,брат,E006,
,brothers,братья,E007,
,build,строить,E17A,
,building,здание,E0A1,
,burden,бремя,EC86,
,burn,жечь,ECD0,
,burnt,сгоревший,ECD0,
,bury,закапывать,E0D7,
,but,но,E11A,
,buy,покупать,E32A,
,Buz,БУЗ,E1A5,
,Caesar,Цезарь,E370,
,Caesarea,Кесария,E346,
,Caiaphas,Каиафа,EA77,
,Cain,Братоубийца,EC56,
,Cainan,Кайнан,EC56,
,Calah,Калах,EDC6,
,call,вызов,E040,
,camel,верблюд,E29F,
,can,мочь,E124,
,Cana,Кана,EBA2,
,Canaan_land,Кана_Земли,E33D,
,Canaan_man,Ханаан человек,EDC7,
,Candace,Кэндес ,EB85,
,Capernaum,Капернауме ,E33A,
,Caphtorites,Кафториты,EDC8,
,Cappadocia,Каппадокия,EB74,
,careful,осторожный,E19E,
,carpenter,плотник,E14F,
,Carpus,Запястье,ECAD,
,carry,нести,E088,
,case,дело,EC87,
,catch,ловить,E115,
,Cauda,Кауда,EC36,
,cave,пещера,EDA6,
,Cenchrea,Кенхреях,EB3D,
,census,перепись,E0B8,
,centurion,центурион,EB7A,
,Cephas,Кифа,E356,
,ceremony,церемония,EC88,
,chain,цепь,E25F,
,chair,стул,E298,
,Chaldea,Халдей,EB0E,
,change,менять,E31E,
,chapter,глава,E230,
,chariot,колесница,EC82,
,child,ребенок,E200,
,children,дети,E201,
,Chios,Хиос,EB22,
,Chloe,Хлоя,EBE2,
,choose,выбирать,E021,
,Chorazin,Хоразин,EA8F,
,Christ,Христос,E334,
,Christian,Христианин,EB90,
,church,церковь,EBFC,
,Chuza,Чуза,EC57,
,Cilicia,Киликия,EB5B,
,circumcise,обрезать,E250,
,circumcision,обрезание,E250,
,citizen,гражданин,EB98,
,Clauda,Клауда,EC36,
,Claudia,Клаудия,ECAE,
,Claudius,Клавдий,EB8A,
,clay,глина,EBEC,
,clean,чистый,E248,
,Clement,Клемент,ECE3,
,Cleopas,Клеопа,EC58,
,cloak,плащ,EA76,
,Clopas,Клеопа,EBB5,
,close,закрывать,E300,
,closed,закрытый,E23F,
,clothe,одевать,E147,
,clothing,одежда,E253,
,cloud,облако,E26E,
,Cnidus,Книдская,EC14,
,cohort,когорта,E148,
,cold,холодный,E0F2,
,color,цвет,E284,
,Colossae,Колосс,ECE8,
,come,приходить,E25A,
,come_out,выходить,E243,
,comfort,комфорт,EA3B,
,command,команда,E058,
,commandment,заповедь,E22F,
,compassion,сострадание,E01A,
,complete,полный,ECEC,
,concubine,наложница,EEFC,
,condemn,осуждать,EA7F,
,condemnation,осуждение,EA7F,
,confession,признание,E03F,
,confidence,уверенность,E070,
,confuse,смущать,EB08,
,continue,продолжить,E049,
,control,контроль,E332,
,convert,преобразовать,E83A,
,Corinth,Коринф,EA59,
,Cornelius,Корнелиус,EB81,
,corner,угол,EB83,
,cornerstone,краеугольный_камень,E21C,
,correct,правильный,E09A,
,Cosam,Косам,EC59,
,couch,диван,EB5F,
,council,совет,E0F7,
,counted,подсчитанный,EBC0,
,country,страна,E0A2,
,countrymen,сограждане,E157,
,countryside,сельская местность,EB96,
,courage,мужество,E196,
,courtyard,двор,E0F6,
,covenant,договоренность,E21D,
,cover,покрытие,E39A,
,covet,жаждать,E022,
,cow,корова,EB36,
,create,творить,E076,
,creation,создание,EBC3,
,Creator,Создатель,EC22,
,credit,кредит,EBC0,
,Crescan,Крескан,ECAF,
,Crete,Крит,EC8D,
,Crispus,Крисп,EB3A,
,criticize,критиковать,E055,
,crooked,изогнутый,EB39,
,cross,пересекать,E038,
,crowd,толпа,E128,
,crown,корона,EDA4,
,crucify,распинать,E03C,
,crush,раздавить,E146,
,cry,плакать,E20C,
,cup,чашка,E274,
,curse,проклятие,E05A,
,curtain,занавес,E254,
,Cush,Куш,EDCA,
,Cush_land,"Куш_Земля

",E1E2,
,Cush_man,"Куш Ман

",EDCA,
,cushion,подушка,E26C,
,custom,традиция,EB10,
,cut,резать,E24E,
,cymbal,тарелка,EBE3,
,cypress,кипарис,EDCB,
,Cyprus,Кипр,EB88,
,Cyrene,Кирена,EB59,
,Dalmanutha,Далманута,E344,
,Dalmatia,Далмация,ECB1,
,Damaris,Дамарис,EB37,
,Damascus,Дамаск,EC31,
,Dan_land,"Дан земли

",EDCC,
,Dan_man,Дэн человек,EDCD,
,dance,танец,E259,
,Daniel,Даниэль ,EA78,
,dark,темный,EA17,
,daughter,дочь,E00C,
,daughters,дочери,E00D,
,David,Дэвид,E35E,
,day,день,E15F,
,deacon,дьякон,E12D,
,dead,мертвый,E181,
,deaf,глухой,E191,
,death,смерть,E181,
,Deborah,Дебора,EFB5,
,Decapolis,Десятиградие,E33E,
,deceive,обманывать,E17F,
,deceiver,обманщик,E152,
,deception,обман,E17F,
,Dedan,Дедан,EDCE,
,deep,глубокий,E321,
,deer,олень,EFB6,
,Demes,Демы,ECB2,
,Demetrius,Димитрий,EB1A,
,demon,демон,EB87,
,denarius,динарий,E165,
,deny,отрицать,E0E5,
,depart,уезжать,E243,
,depth,глубина,E321,
,Derbe,Дерби,EB43,
,descend,спускаться,E317,
,descendant,потомок,EB60,
,desert,пустыня,E156,
,deserve,заслуживать,E0F5,
,desire,желание,E020,
,destroy,уничтожать,E141,
,destruction,разрушение,E141,
,Didymus,Близнец,EBB6,
,die,умирать,E181,
,different,различный,ECFF,
,difficult,трудный,E093,
,dignify,достоинство,E04B,
,Diklah,Дикла,E1AC,
,Dinah,Дина,EFB7,
,Dinhabah_city,Город Динхаба,EFED,
,Dionysius,Дионисий ,EB78,
,Diotrephes,Диотрефес ,ECE2,
,direction,направление,E323,
,dirt,грязь,E15B,
,dirty,грязный,E249,
,disciple,ученик,E142,
,discipline,дисциплина,EDA5,
,discourage,отговаривать,E261,
,disease,болезнь,E20A,
,dish,блюдо,E384,
,Dishan,Дишан,E1EC,
,Dishon,Нечестный,EFEE,
,disobedience,неповиновение,E193,
,disobey,ослушаться,E193,
,divide,делить,E326,
,division,деление,E326,
,divorce,расторжение брака,EA3D,
,do,делать,E08C,
,doctor,врач,E144,
,Dodanim,Доданим,EDCF,
,dog,собака,E104,
,dominion,владычество,E032,
,donkey,осел,EA09,
,door,дверь,E23E,
,Dorcas,Доркас,EC2C,
,Dothan,Дотан,EFA3,
,doubt,сомнение,E194,
,dough,тесто,EA36,
,dove,голубь,E25E,
,down,вниз,E319,
,dragon,дракон,ECDF,
,dream,мечта,EA80,
,drink,пить,E274,
,drum,барабан,EBE3,
,drunk,пьяный,EA8D,
,Drusilla,Друзилла,EB9C,
,dry,сухой,E188,
,Dumah,Дума,EEFD,
,dust,пыль,E15D,
,dwell,обитать,E17B,
,eagle,орёл,ECC9,
,ear,ухо,E299,
,earn,зарабатывать,E0F5,
,earth,земля,E153,
,earthquake,землетрясение,E159,
,east,восток,EA38,
,easy,простой,E092,
,eat,есть,E053,
,Ebal,Гевал,EFEF,
,Eber,Эбер,EC5A,
,Eden_garden,Эдемский_сад,EDD2,
,Eden_man,Иден_человек,E1E9,
,Edom_land,Эдом_земли,E1A7,
,Edom_man,Эдом_человек,E1A6,
,Egypt,Египет ,EA44,
,Ehi,Эхи,EFB8,
,eight, восемь,E293,
,El,  Эль,EDD3,
,El_Elohe,El_Elohe,E1E4,
,Elah,Ила,E1A9,
,Elam_land,"Земля_Элам

",EB6D,
,Elam_man,Элам человек  ,EDD4,
,Eldaah,Эльдаа,E1E3,
,elder,старший,EB62,
,Eleazar,Елеазар,EA70,
,elect,избирать,EC9F,
,Eli,Илий,EC44,
,Eliakim,Элиаким,EA6B,
,Eliezer,Элиэзер,EC5B,
,Elijah,Илия,E36A,
,Eliphaz,Элифаз,EFF1,
,Elisha,Елисей,EC5C,
,Elishah,Елиса,EC5C,
,Eliud,Элиуд,EA6F,
,Elizabeth,Элизабет,EC3A,
,Ellasar,Элласар,EDD6,
,Elmadam,Эльмадам,EC5D,
,Elon,Илон,EDD7,
,Emites,Эмиты,EFA8,
,Emmaus,Эммаус,EC5E,
,Emmor,Память,EB5D,
,empty,пустой,E277,
,Enaim,Энаим,efb9,
,encourage,поощрять,E262,
,end,конец,E232,
,endure,терпеть,E170,
,enemy,враг,E025,
,enmity,враждебность,E01B,
,Enoch,Енох,EC5F,
,Enos,Энос,EC60,
,Enosh,Енош,EC60,
,enter,входить,E242,
,envy,зависть,E022,
,Epaenetus,Epaenetus,EBC1,
,Epaphras,Епафрас,ECE4,
,Epaphroditus,Епафродит,ECE4,
,Ephah,ЕФА,E1AD,
,Epher,Эфер,EEFE,
,Ephesus,Эфес,EC0C,
,Ephraim,Ефрем,EBA3,
,Ephraim_city,Эфрим_города,EBA4,
,Ephrath,Эфрат,EFBA,
,Ephron,Эфрон,EEFF,
,Epicurean,Эпикуреец,EC05,
,equal,равный,E24B,
,Er,Э,EC61,
,Erastus,Эраст,EC0E,
,Erech,Эрех,EDD9,
,Eri,Эри,E1AE,
,Esau,Исав,EBC2,
,Esek,Эсек,EDDA,
,Eshban,Эшбан,EFF2,
,Eshkol,Эшколь,EDDB,
,Esli,Если,EC49,
,eternal,вечный,E252,
,eternity,вечность,E252,
,Ethiopia,Эфиопия,EC32,
,Eubulus,Еввула,ECB3,
,Eunice,Юнис,ECB4,
,eunuch,евнух,EB8F,
,Euodia,Еводия,ECE5,
,Euphrates_River,Евфрат_реки  ,ECD8,
,Eutychus,Евтихий,EB1F,
,evangelist,евангелист,E13F,
,Eve,Канун,EBEB,
,evening,вечер,E273,
,everyone,каждый,E140,
,everything,всё,E114,
,everywhere,везде,E155,
,exalt,превозносить,E04B,
,example,пример,ECF0,
,explain,объяснять,E059,
,explanation,объяснение,E059,
,eye,глаз,E238,
,Ezbon,Эзбон,E1AA,
,Ezer,Эзер,E1AB,
,fabric,ткань,E253,
,face,лицо,E203,
,Fair_Haven,Ярмарка_Хейвен  ,EC18,
,faith,вера,E06F,
,faithful,верный,E219,
,faithfulness,верность,E219,
,fall,падать,E218,
,false,ложный,E17F,
,family,семья,E176,
,famine,голод,E18D,
,far,далеко,E197,
,farewell,прощание,EC83,
,farm,ферма,EB91,
,farmer,фермер,E133,S
,fast_no_eat,голодовка,E18E,
,fast_speed,быстрая скорость,E21A,
,fat,жир,EA86,
,fat_animal,жирное_животное,EB11,
,father,отец,E003,
,fear,страх,E056,
,feast,пир,E054,
,Felix,Феликс,EB99,
,festival,фестиваль,E20B,
,few,несколько,E19B,
,field,поле,EB91,
,fig,инжир,EDA2,
,fight,битва,E283,
,fill,заполнять,E278,
,find,находить,E101,
,finger,палец,EBA5,
,finish,заканчивать,E232,
,fire,огонь,E301,
,first,первый,E233,
,fish,рыба,E263,
,fisherman,рыбак,E264,
,five,пять,E290,
,fix,исправить,E09D,
,flesh,плоть,E26B,
,flip,сальто,E31D,
,flood,наводнение,ECE0,
,flour,мука,EA35,
,flower,цветок,EB24,
,flute,флейта,EA8B,
,fly,летать,E25B,
,follow,следовать,E13E,
,food,еда,E053,
,fool,дурак,EA7C,
,foot,нога,E13D,
,for,для,E086,
,foreigner,иностранец,E158,
,foreknowledge,предвидение,EB79,
,forest,лес,EC27,
,forgive,прощать,E18F,
,forgiveness,прощение,E18F,
,Fortunatus,Фортунатус,ECA4,
,forward,вперед,E318,
,foundation,основа,E179,
,four,четыре,E28F,
,fox,лиса,EA8A,
,fragrant,ароматный,E097,
,free,свободный,E260,
,free_no_cost,free_no_cost,EBE4,
,Freedmen,Вольноотпущенник,EC8E,
,freedom,свобода,E260,
,friend,друг,E024,
,frog,лягушка,ECF6,
,from,от,E31A,
,fruit,фрукты,E27E,
,fulfill,выполнять,E0D2,
,full,полный,E276,
,futile,бесполезный,E190,
,future,будущее,E16E,
,Gabriel,Габриэль,EC39,
,Gad,Шляться,ECBD,
,Gadara,Гадара,E33F,
,Gaham,Грэхем,EFBB,
,gain,получать,E1A3,
,Gaius,Гаюс,EC0F,
,Galatia,Галатия,EB46,
,Galeed,Галаадом,EFBC,
,Galilee,Галилея,E337,
,Gallio,Галлион,EB3B,
,Gamaliel,Гамалиил,EB4D,
,garden,сад,EDDC,
,Gatam,Гаутам,EFF3,
,gate,ворота,E289,
,gathered_people,собрались люди,E126,
,gathered_things,собрал_вещи,E108,
,Gaza,Газа,EB7F,
,generation,поколение,E019,
,Gennesaret,Генисаретское,E341,
,gentile,нееврей,E158,
,gentle,нежный,E26D,
,gentleness,мягкость,E26D,
,Gera,Гера,EFBD,
,Gerar,Герар,EDDD,
,Gerasenes,Гадаринскими,E33F,
,Gershon,Гершон,EFBE,
,Gether,Вместе,EDDE,
,Gethsemane,Гефсимания,E34A,
,Gideon,Гидеон,ED03,
,Gideoni,Гидеония,E2BD,
,gift,подарок,E072,
,Gihon,Гихон,EDDF,
,Gilead,Гилеад,EFA1,
,Girgashites,Гергесеев,EDE1,
,girl,девочка,E009,
,girls,девочки,E00A,
,give,дать,E086,
,glass,стекло,ECDE,
,glorify,прославлять,E217,
,glory,слава,E217,
,gluttony,обжорство,EA8C,
,go,идти,E381,
,go_down,спуститься,E080,
,goat,коза,EA7D,
,God,Бог,E036,
,godly,благочестивый,E130,
,Gog,Гог,ECF7,
,Goiim,Гоим,EDE2,
,gold,золото,EB2A,
,Golgotha,Голгофа,E34B,
,Gomer,Гомер,EDE3,
,Gomorrah,Гоморра,EA7A,
,gong,гонг,EBE5,
,good,хороший,E096,
,good_news,хорошая_новость,E22B,
,Goshen,Гошен,EFBF,
,gospel,евангелие,E22B,
,governor,губернатор,E0A3,
,grace,грация,E01F,
,grain,зерно,E279,
,grape,виноград,ECF4,
,grass,трава,EA33,
,grateful,благодарный,E20E,
,gratitude,благодарность,E20E,
,grave,могила,E178,
,great,отличный,E14A,
,Greece,Греция,E345,
,greed,жадность,EA94,
,green,зеленый,ECD1,
,greeting,приветствие,E051,
,grieve,скорбеть,E207,
,grind,молоть,E83D,
,groom,жених,E013,
,ground,земля,E153,
,ground_soil,ground_soil,E15B,
,grow,расти,E154,
,growth,рост,E154,
,guard,охрана,E0C1,
,guilt,чувство вины,EA84,
,guilty,виновный,EA84,
,Guni,Гуни,EFC1,
,Hadad,Хадад,EFA2,
,Hadar,Хадар,E1AF,
,Hadoram,Гадорама,EDE4,
,Hagar,Агарь,ECAB,
,Haggi,Хагги,EFC2,
,hail,град,EA13,
,hail_storm,шторм_с_градом,ECDD,
,hair,волосы,E208,
,half,половина,EA22,
,Ham_man,ветчина_человек,EDE5,
,Ham_village,родная_деревня,EDE6,
,Hamathites,Hamathites,EDE7,
,Hamor,Гамора,EB5D,
,Hamul,Хамула,EFC3,
,hand,рука,E071,
,Hannah,Ханна,EB02,
,Hanok,Ханок,EC5F,
,happy,счастливый,E205,
,Haran_land,Земля_Харан,EB0B,
,Haran_man,Харан _еловек,EFA4,
,hard,трудный,E269,
,harlot,проститутка,ECFC,
,harp,арфа,ECC6,
,harsh,суровый,ECA7,
,harvest,сбор урожая,E082,
,harvester,жнец,E139,
,hate,ненавидеть,E01B,
,have,иметь,E083,
,have_to,have_to,E07F,
,Havilah_land,Земля_Хавила,EDE8,
,Havilah_man,Хавила_человек,EFFA,
,Hazarmaveth,Хазармавет,EDE9,
,Hazezon_Tamar,Хазезон_Тамар,EDEA,
,Hazo,Хазо,E1B0,
,head,голова,E206,
,heal,лечить,E084,
,healer,целитель,E144,
,health,здоровье,E209,
,healthy,здоровый,E209,
,hear,слышать,E299,
,heart,сердце,E29A,
,heat,жара,E301,
,heaven,небо,E380,
,heavy,тяжелый,E0E7,
,Heber,Гебер,E1B1,
,Hebrew,Еврей,EC8F,
,Hebron,Хеврон,EDEB,
,hedge,изгородь,E28A,
,height,высота,ECC1,
,heir,наследник,E018,
,Heli,Хели,EC44,
,hell,ад,E0D1,
,help,помощь,E13A,
,helper,помощник,E150,
,Heman,Емана,E1B2,
,Hemdan,Хемдан,EFF4,
,here,здесь,E212,
,Hermas,Гермы,EBC4,
,Hermes_idol,Идол_Гермеса,EB2F,
,Hermes_person,Гермес_персона,EBED,
,Hermogenes,Ермоген,ECB5,
,Herod,Ирод,E360,
,Herodians,Иродиане,EA05,
,Herodias,Иродиада,E355,
,Herodion,Иродион,EBF1,
,Heth,Хетт,EDEC,
,Hezekiah,Езекия,EA62,
,Hezron,Хецрони,EA4F,
,hide,прятать,E085,
,Hierapolis,Иераполь,ECE9,
,hill,холм,E202,
,Hirah,Хира,E1B3,
,hire,нанимать,E13B,
,hit,ударить,E0E4,
,Hittites,Хетт,EDED,
,Hivites,Евеи,EDEE,
,Hobah,Хобах,EDEF,
,hole,отверстие,E302,
,holy,святой,E13C,
,honey,мед,E052,
,honor,честь,E031,
,hope,надеяться,E213,
,Hori,Хори,EFF5,
,Horites,Хорреев,EDF1,
,horn,рог,ECC5,
,horse,лошадь,E303,
,hosanna,осанна,E216,
,Hosea,Осия,EBC5,
,hot,горячий,E301,
,hour,час,E331,
,house,дом,E171,
,how,как,E068,
,how_long,как_долго,E83C,
,Hul,Хуль,EDF2,
,human_nature,человеческая природа,E23D,
,humble,скромный,E19D,
,humiliate,унижать,E065,
,humility,смирение,E19D,
,hungry,голодный,E01E,
,Huppim,Хуппим,EFC5,
,hurt,ранить,E24F,
,husband,муж,E012,
,Husham,Хашам,E1B4,
,Hushim,Хушим,EFC6,
,Hymenaeus,Гименей,ECAA,
,hymn,гимн,E0E3,
,hypocrite,лицемер,E152,
,I,Я,E166,
,Iconium,Иконий,EC1F,
,idol,идол,E35D,
,Idumea,Идумея,E378,
,if,если,E111,
,ignorance,невежество,E06E,
,ignorant,невежественный,E06E,
,Illyricum,Иллирик,EBC6,
,immeasurable,неизмеримый,E18C,
,immediately,немедленно,E215,
,Imnah,Имна,EFC7,
,important,важный,EBE7,
,impossible,невозможно,E180,
,imprisoned,заключенный,E25F,
,impure,нечистый,E249,
,in,в,E240,
,in_front,спереди,E112,
,incense,ладан,EC98,
,inheritance,наследование,E017,
,insect,насекомое,E304,
,inside,внутри,E240,
,insist,настаивать,E058,
,insult,оскорбление,E05B,
,Irad,Ирад,EDF3,
,Iram,Ирам,EFF6,
,iron,железо,EB29,
,Isaac,Исаак,E374,
,Isaiah,Исайя,E372,
,Ishbak,Исхак,EEDA,
,Ishmael,Измаил,E1B5,
,Ishvah,Ишва,EFC8,
,Ishvi,Ишви,EFC9,
,Iskah,Исках,EEDB,
,island,остров,EB05,
,Israel,Израиль,EA04,
,Issachar,Иссахар,ECCE,
,Italy,Италия,EC90,
,Ithran,Итран,E1B6,
,Ituraea,Итурее,EC3E,
,Jabal,Джебель,E1B7,
,Jabbok,Иавок,EFCA,
,Jacob,Иаков,E375,
,Jacob(NT),Иакова(Новый Завет),EA72,
,Jahleel,Jahleel,EFCB,
,Jahziel,Джазиэль,E1B8,
,Jairus,Иаир,E367,
,Jakin,Якин,E1B9,
,Jalam,Джалам,EFF7,
,Jambres,Иамврий,ECBC,
,James,Джеймс,E358,
,James_the_Disciple,Иаков_ученик,E376,
,Jamin,Джамин,EFCC,
,Jannai,Джаннай,EC46,
,Jannes,Ианний,ECBE,
,Japheth,Иафет,EDF4,
,jar,кувшин,E0D5,
,Jared,Джаред,EC62,
,Jason,Джейсон,EB64,
,Javan,Яванский,E1BA,
,Jebusites,Иевусеев,E1E5,
,Jechoniah,Иехония,EA66,
,Jegar_Sahadutha,Джега_ Сахадута,E1E6,
,Jehoshaphat,Иосафат,EA5D,
,Jemuel,Иемуил,EFCD,
,Jephthah,Иеффай,ED04,
,Jerah,Иераха,EDF5,
,Jeremiah,Иеремия,EA28,
,Jericho,Иерихон,EA08,
,Jerusalem,Иерусалим,E338,
,Jesse,Джесси,EA58,
,Jesus,Иисус,E037,
,Jetheth,Джетет,EFF8,
,Jetur,Иетуром,EEDC,
,Jeush,Иеуш,E1BB,
,Jew,Еврей,E0F9,
,Jewish,Иудейский,E0F9,
,Jezebel,Иезавель,ECA2,
,Jezer,Джезер,E1BC,
,Jidlaph,Джидлаф,EFCE,
,Joanan,Иоахаз,EC4C,
,Joanna,Джоанна,EC63,
,Job,Работа,ED0B,
,Jobab,Иовава,EDF6,
,Joda,Джода,E34B,
,Joel,Джоул,EC92,
,John,Джон,E35A,
,John_the_Baptist,Иоанн)Креститель,E336,
,John_the_Disciple,Иоанн_ученик,E35A,
,Jokshan,Иокшана,EEDD,
,Joktan,Иоктан,E1BD,
,Jonah,Иона,E0C5,
,Jonah_Simons_father,Джона_Симмонс_ отец,EA29,
,Jonam,Йонам,EC9B,
,Joppa,Иоппия,EC2D,
,Joram,Джорам,EA5E,
,Jordan_River,река_Иордан,E34F,
,Jorim,Йорим,EC64,
,Joseph,Джозеф,EA15,
,Joseph(NT),Джозеф(NT),EA73,
,Joses,Иосий,E369,
,Joshua,Джошуа,EB03,
,Josiah,Иосия,EA65,
,Jotham,Джотам,EB82,
,Jothan,Джотан,EA60,
,journey,путешествие,E381,
,joy,радость,E205,
,Jubal,Джубал,EDF7,
,Juda,Иуда,E368,
,Judah,Иуда,EA4B,
,Judas,Иуда,E368,
,Judas_Iscariot,Иуда_Искариот,E365,
,Judas_not_Iscariot,Иуда_не_Искариот,E368,
,Jude,Иуда,E368,
,Judea,Иудея,E339,
,judge,судья,E1A2,
,judgment,суждение,E1A2,
,Judith,Джудит,EDF8,
,Julia,Юля,EBC7,
,Julius,Джулиус,EC07,
,jump,прыгать,ED0A,
,Junia,Юния,EBC8,
,justice,справедливость,EA25,
,justify,оправдывать,EB4F,
,Justus,Юстус,EB6A,
,Kadesh,Кадеш,EDF9,
,Kadmonites,Кадмониты,EFD1,
,Kalneh,Кальне,EDFA,
,Karmi,Карми,EFD2,
,Kasluhites,Каслухие,EDC9,
,Kedar,Кедар,EEDE,
,Kedemah,Кедема,EEDF,
,Kedorlaomer,Кедорлаомер,EDFB,
,keep,держать,E099,
,Kemuel,Колена,EFD3,
,Kenan,Кенан,EC56,
,Kenaz,Кеназ,EFD4,
,Kenites,Кениты,EFD5,
,Keran,Керан,EFF9,
,Kesed,Кесед,EFD6,
,Keturah,Кетура,EEE1,
,key,ключ,EA9D,
,Kezib,Кезиб,E1BF,
,Kidron_Valley,Кедронская_Долина ,EBA6,
,kill,убивать,E141,
,kind_nice,вид_хороший,E01C,
,kind_same,вид_же,ED00,
,kindness,доброта,E01C,
,king,король,E028,
,kingdom,царство,E02F,
,Kiriath_Arba,Кирьят_Арба,EFD7,
,Kish,Кош,EB49,
,kiss,целовать,E0E8,
,Kittim,Киттимом,EDFC,
,kneel,стоять на коленях,E138,
,knife,нож,E24E,
,knock,стучать,EB8B,
,knot,узел,E30E,
,know,знать,E062,
,knowledge,знания,E062,
,Kohath,Кохат,EFD8,
,Korah,Корей,ECF3,
,Laban,Лаван,EDFD,
,lake,озеро,EC65,
,Lamech,Ламех,EC66,
,lamp,лампа,E164,
,lampstand,подсвечник,E281,
,land,земля,E153,
,language,язык,EA23,
,Laodicea,Лаодикия,EBF9,
,Lasea,Ласею,EC16,
,Lasha,Лаша,E1C0,
,last,последний,E234,
,late,поздний,E225,
,later,позже,E225,
,Latin,Латинский,EBA8,
,laugh,смеяться,E224,
,laughter,смех,E224,
,law,закон,E22F,
,lawful,законный,E22F,
,lawlessness,беззаконие,E08F,
,Lazarus,Лазарь,EC67,
,lead,вести,E137,
,lead_astray,совратить,E17F,
,leader,лидер,E137,
,leaf,лист,E0B3,
,Leah,Лия,EFD9,
,leap,прыгать,ED0A,
,learn,учить,E22A,
,lease,аренда,E175,
,least,наименьший,E397,
,leather,кожа,E255,
,leave,покидать,E243,
,leaven,закваска,E32D,
,left,левый,E0F4,
,leg,нога,EBE0,
,Legion,Легион,E366,
,Lehabites,Легавиты,E1C1,
,length,длина,ECC2,
,leopard,леопард,ECF8,
,leprosy,проказа,E382,
,letter,письмо,EB84,
,Letush,Летуш,EEE2,
,Leum,Леум,EEE3,
,Leummim,Леюмим,EEE3,
,level,уровень,E0D9,
,Levi,Леви,EB1B,
,Levi_Matthew,Левий_Матфей,E35C,
,Libya,Ливия,EB73,
,lie,FALSE,E17F,
,lie_down,залечь,E121,
,life,жизнь,E09F,
,lift,поднимать,E081,
,light,свет,E0C2,
,lightning,молния,EA88,
,like,любить,E020,
,Linus,Линус,ECB0,
,lion,лев,ECB6,
,live,жить,E09F,
,loaf,буханка,E05D,
,Lob,Большой объект,E0EE,
,locust,саранча,ECD4,
,Lois,Лоис,ECB7,
,longsuffering,долготерпение,E16F,
,looks_like,looks_like,EBCD,
,lord,господин,E028,
,lost,потерянный,E089,
,lot,много,EA16,
,Lot,Много,EBDC,
,Lotan,Лотан,EFFB,
,lots,много,EA16,
,loud,громкий,EBE8,
,love,любовь,E01A,
,lower_adj.,Нижний_Адж.,E324,
,lower_verb,Нижний_глагол,E080,
,Lucius,Люциус,EC93,
,Lud,Лад,E1C2,
,Ludites,Лудийцев,E1EA,
,Luke,Лука,EB68,
,lunatic,безумный,E06D,
,lust,вожделение,E239,
,Luz,Лус,EDFE,
,Lycaonia,Ликаония,EB51,
,Lycia,Ликия,EC13,
,Lydda,Лидда,EC2E,
,Lydia,Лидия,EB50,
,Lysanias,Лисаний,EC40,
,Lysias,Лисием,EC37,
,Lystra,Листра,EB44,
,Maacah,Маака,EFDA,
,Maakah,Маака,E2D8,
,Maath,Маат,EC4B,
,Macedonia,Македония,EC0D,
,Machir_man,Махир_человек,E2D1,
,Machir_woman,Женщина_Мачи,E2D2,
,Machpelah,Махпела,EEE4,
,Madai,Мадай,EDFF,
,Magadan,Магаданский,EA30,
,Magdiel,Магдиэль,EFFC,
,magician,волшебник,EC8A,
,Magog_land,Земля_Магога,ECF9,
,Magog_man,Магог_человек,EEA1,
,Mahalalel,Малелеил,EC68,
,Mahalath,Махалат,EEA2,
,Mahanaim,Маханаим,EFDB,
,make,делать,E076,
,Malchus,Малх,EBB7,
,Malkiel,Малкиель,EFCF,
,Malta,Мальта,EC19,
,Mamre,Мамре,EEA3,
,man,мужчина,E000,
,Manaen,Манаен,EB40,
,manage,управлять,E137,
,Manahath,Манахат,E1C3,
,Manasseh,Манассия,EA63,
,manna,манна,EBA9,
,many,много,E198,
,Mark,Марк,E371,
,market_place,рынок,E02E,
,marriage,брак,E010,
,Martha,Марта,EC69,
,Mary,Мэри,E354,
,Mary_Magdalene,Мария Магдалина,E353,
,Mary_Mother_of_Jesus,Мари_ Мать_Иисуса,E354,
,Masrekah_city,Город_масрека,EFFD,
,Massa,Масса,EEE5,
,master,мастер,E028,
,Matred,Матред,EFFE,
,Mattatha,Маттата,EC9C,
,Mattathias,Маттафия,EC9D,
,Matthan,Маттан,EA71,
,Matthat,Ему,ED12,
,Matthew,Мэтью,EB04,
,Matthias,Матиас,EB04,
,mattress,матрас,E122,
,mature,зрелый,E236,
,me,мне,E166,
,Me_Zahab,Ме_захаб,EFFF,
,meal,еда,E053,
,meaning,значение,ECFA,
,measure,мера,E305,
,Medan,Медан,EEE7,
,Media,медия,EB70,
,Megiddo,Мегиддо,ECFB,
,Mehetabel,Mehetabel,EFF0,
,Mehujael,Мехиаель,EEA4,
,Melchi,Мельчи,EC45,
,Melchizedek,Мелхиседек,ED05,
,Melea,Мелеа,EC6A,
,member,член,E174,
,Menna,Менна,EC6B,
,Merari,Мерари,EFDC,
,mercy,милость,E01D,
,Mesha_land,Земля_Меша,EEA5,
,Meshech,Мешех,EEA6,
,Mesopotamia,Месопотамия,EB72,
,message,сообщение,E22D,
,messenger,посыльный,E136,
,Messiah,Мессия,E334,
,metal,металл,EB28,
,Methuselah,Мафусаил,EC6C,
,Methushael,Мафусал,EEA7,
,Mibsam,Мивсам,EEE6,
,Mibzar,Мибзар,E1C5,
,Michael,Майкл,ECE1,
,Midian_land,Мадиамской_земли,EB0F,
,Midian_man,Средний_человек,E1EB,
,Miletus,Милет,EB23,
,milk,молоко,ECA3,
,Milkah,Милка,EEE8,
,million,миллион,ECD9,
,mind,ум,E06C,
,mine,мой,E168,
,miracle,чудо,E095,
,Miriam,Мириам,E385,
,mirror,зеркало,EBE6,
,Mishma,Мишма,E1C6,
,Mitylene,Митилен,EB21,
,Mizpah,Массифе,E2CF,
,Mizraim,Мицраим,EEA8,
,Mizzah,Мизза,E1C7,
,Mnason,Мнасон,EB26,
,Moab,Моав,EEA9,
,mock,издеваться,EA12,
,Molech,Молох,EC26,
,money,деньги,E029,
,month,месяц,E34C,
,moon,луна,E272,
,more,больше,E199,
,Moreh,Морэ,EEAA,
,Moriah,Мориа,EFDD,
,morning,утро,E163,
,Moses,Моисей,E35B,
,most,наибольший,E229,
,mother,мама,E00B,
,Mount_of_Olives,Количество_оливок,E351,
,Mount_Sinai,гора_Синай,EB5C,
,Mount_Zion,гора_Сион,ECF5,
,mountain,гора,E306,
,mouth,рот,E03F,
,move,двигаться,E32F,
,much,много,E198,
,multitude,множество,E128,
,Muppim,Маппим,EFDE,
,murderer,убийца,EA10,
,mustard,горчица,E039,
,mute,беззвучный,E050,
,my,мой,E168,
,Myra,Майра,EC28,
,myrrh,мирра,E245,
,Mysia,Мисии,EB4A,
,mystery,тайна,E18B,
,Naamah,Ноема,EEAB,
,Naaman,Нааман,EC6D,
,Naggai,Наггай,EC4A,
,Nahath,Нахат,E1C8,
,Nahor,Нахор,EC6E,
,Nahshon,Нахшон,EA52,
,Nahum,пророк Наум,EC48,
,nail,ноготь,EBAA,
,Nain,Наина,EA48,
,name,имя,E04F,
,Naphish,Нафиш,EEE9,
,Naphtali,Нафтали,EA40,
,Naphtuh,Нафтух,EEAC,
,Narcius,Нарций,EBC9,
,Nathan,Натан,EC6F,
,Nathaniel,Натаниэль,EC6F,
,nation,нация,E0A2,
,Nazareth,Назарет,E34E,
,near,рядом,E300,
,Nebaioth,Наваиофа,EEAD,
,neck,шея,E0D3,
,need,необходимость,E07F,
,needle,игла,E078,
,Negev,Негев,EEAE,
,neighbor,сосед,E173,
,Neopolis,Неополис,EB4E,
,Nereus,Нерей,EBCA,
,Neri,Нери,EC70,
,net,сеть,E307,
,new,новый,E308,
,news,новости,E22D,
,next,следующий,EBF2,
,Nicanor,Никанор,EB55,
,Nicodemus,Никодим,EBAB,
,Nicolaus,Николай,EB56,
,Nicopolis,Никополь,ED08,
,night,ночь,E272,
,Nile,Нил,EFDF,
,Nimrod,Нимрод,EEAF,
,nine,девять,E294,
,Nineveh,Ниневия,E0C6,
,no,нет,E17C,
,Noah,Ной,EA43,
,Nod,Кивать,EEB1,
,noise,шум,EBE9,
,north,север,EA74,
,nose,нос,E309,
,not,нет,E17C,
,now,сейчас,E215,
,number,номер,E0B7,
,Nympha,Нимфа,ECEA,
,Obal,Обал,EEB2,
,Obed,Объед,EA56,
,obedience,послушание,E04E,
,obey,подчиняться,E04E,
,ocean,океан,E14D,
,offering,предложение,E03A,
,Ohad,Охад,EFE1,
,Oholibamah_man,Оливемы_человек,E0AC,
,Oholibamah_woman,Оливемы-женщина,EFE0,
,oil,масло,E030,
,old,старый,E189,
,olive,оливка,EDA1,
,Olympus,Олимп,EBCB,
,Omar,Омар,E1C9,
,on,на,E113,
,On_city,По-городу,EFE2,
,on_top_of,на_вершине,E113,
,Onam,Онам,E1CA,
,Onan,Онан,E1CB,
,one,один,E28C,
,Onesimus,Онисим,ECB8,
,Onesiphorus,Онисифор,ECB8,
,only,только,E223,
,open,открывать,E18A,
,Ophir,Офир,EEB3,
,oppose,противопоставлять,E330,
,or,или,E106,
,order,приказ,EBE7,
,other,другой,E184,
,our,наш,E169,
,ours,наш,E169,
,out,из,E241,
,outside,снаружи,E241,
,over,над,E110,
,owe,быть должным,EA49,
,own,собственный,ECED,
,ox,бык,EA85,
,Paddan_Aram,Паддан_Арам,EEEA,
,pain,боль,E24F,
,Pallu,Паллу,E1CC,
,Pamphylia,Памфилия,EB6E,
,Paphos,Пафос,EB9F,
,parable,притча,E22D,
,paralyze,парализовать,E131,
,Paran,Парана,EEEB,
,Parmenas,Пармена,EB57,
,part,часть,E29B,
,Parthia,Парфянское царство,EB0A,
,party,вечеринка,E20B,
,pass,проходить,E10B,
,passion,страсть,EBAC,
,Passover,Пасхальный агнец,E20D,
,past,прошлое,E16D,
,pastor,пастор,ECC3,
,Patara,Патара,EC23,
,path,путь,E23C,
,Pathrusites,Pathrusites,EEB4,
,patience,терпение,E16F,
,patient,терпеливый,E16F,
,Patmos,Патмос,EBF4,
,Patrobas,Патрова,EBCC,
,pattern,шаблон,ECF0,
,Pau,Поу,EFD0,
,Paul,Пол,E377,
,pavement,тротуар,EBAD,
,peace,мир,E123,
,Peleg,Пелег,EC71,
,pen,ручка,E29C,
,Peniel,Пенуэл,EFE4,
,pentecost,Пятидесятница,EC81,
,Pentecost,Пятидесятница,EC81,
,people,люди,E127,
,perceive,воспринимать,E06A,
,Perez,Перес,EA4C,
,perfect,идеальный,ECEC,
,perfume,духи,E097,
,Perga,Перга,EB47,
,Pergamum,Пергамский,EBF6,
,Perizzites,Перициты,EEB5,
,permission,разрешение,E04A,
,permit,разрешать,E04A,
,persecute,преследовать,E03E,
,persecution,преследование,E03E,
,Persis,Персис,EBCE,
,person,человек,E11F,
,Phanuel,Фану,EC3C,
,Pharaoh,Фараон,EC94,
,Pharisee,Фарисей,E383,
,Phicol,Фикол,EEB6,
,Philadelphia,Филадельфия,EBF8,
,Philemon,Филимон,ECF2,
,Philetus,Филит,ECAC,
,Philip,Филипп,E361,
,Philippi,Филипповой,E347,
,Philistia,Филистия,EEB7,
,Philologus,Филолог,EBCF,
,philosopher,философ,EC04,
,Phlegon,Флегонт,EBD1,
,Phoebe,Фиби,EBD2,
,Phoenicia,Финикия,E343,
,Phoenix,Феникс,EC29,
,Phrygia,Фригия,EB76,
,Phygelus,Phygelus,ECB9,
,pig,свинья,E30A,
,pigeon,голубь,E0B6,
,Pilate,Пилат,E36F,
,Pildash,Он встал,EFE3,
,pillar,столб,ECA8,
,pillow,подушка,E26C,
,Pinon,Пинон,EFC0,
,Pishon,Фисон,EEB8,
,Pisidia,Писидия,EB97,
,pitch,подача,EEB9,
,plan,план,E06B,
,plant,растение,E244,
,plate,тарелка,E386,
,platter,блюдо,E386,
,plow,плуг,EC72,
,pn,pn,ED11,
,Pontus,Понт,EB75,
,poor,бедный,EA3A,
,porch,крыльцо,EB5E,
,Porcius,Младший,EC38,
,pos,поз,E390,
,possible,возможный,E098,
,Potiphar,Потифар,EEEC,
,Potiphera,Потифера,E1CD,
,pour,наливать,E0D6,
,power,сила,E124,
,praise,хвалить,E04B,
,pray,молиться,E05E,
,prayer,молитва,E05E,
,preach,проповедовать,E04D,
,preacher,проповедник,E134,
,preaching,проповедь,E04D,
,precious,драгоценный,EA37,
,pregnant,беременная,E0A5,
,prepare,подготовить,E091,
,press,нажимать,E228,
,pretend,притворяться,E094,
,prevail,преобладать,EB14,
,pride,гордость,E14B,
,priest,священник,E03B,
,prince,принц,EB61,
,priority,приоритет,EBE7,
,Priscilla,Присцилла,EB18,
,prison,тюрьма,E172,
,prisoner,заключенный,E145,
,Prochorus,Прохор,EB53,
,proconsul,проконсул,E0A3,
,profit,прибыль,E035,
,promise,обещать,E37A,
,prophesy,предсказывать,E23B,
,prophet,пророк,E135,
,prostitute,проститутка,ECFC,
,proud,гордый,E14B,
,proverb,пословица,EC73,
,Psalm,Псалом,E0E2,
,Ptolemais,Птолемаида,EC08,
,Puah_man,Пуа_человек,E1D3,
,Puah_woman,Пуа_женщина,E0DC,
,Publius,Публий,EC1A,
,Pudens,Пуд,ECBA,
,punish,наказывать,E1D0,
,punishment,наказание,E1D0,
,pure,чистый,E248,
,purple,фиолетовый,E286,
,purpose,цель,E066,
,Put_land,Положите_землю,EB73,
,Put_man,Поставить_человека,EEBA,
,put_verb,поставит_ глагол,E07E,
,Puteoli,Путеоли,EC1E,
,Pyrrhus,Пирр,EB1C,
,Quartus,Кварт,EBD3,
,queen,королева,EB15,
,questioned,опрошенный,E061,
,quiet,тихий,E185,
,Quirinius,Квириний,EC3B,
,Raamah,Раама,EEBB,
,Rachel,Рэйчел,EA41,
,Rahab,Рахаб,EA55,
,rain,дождь,EA3E,
,rainbow,радуга,ECDC,
,Ram,Баран,EA50,
,Ramah,Рама,EA42,
,Rameses,Рамзес,EFB4,
,read,читать,E22A,
,reason,причина,E066,
,Rebekah,Ревекка,EBD4,
,rebellion,восстание,E193,
,rebuke,упрек,E060,
,receive,получать,E1A3,
,reckon,рассчитывать,EBC0,
,reconcile,примириться,E026,
,red,красный,E287,
,redeem,выкупать,E02C,
,redemption,искупление,E02C,
,reed,тростник,EA26,
,Rehoboam,Ровоам,EA5A,
,Rehoboth,Рехобот,EEBC,
,reject,отклонять,E193,
,relative,родственник,E176,
,religion,религия,EC33,
,remain,оставаться,E83B,
,remember,помнить,E0D8,
,repeat,повторять,E049,
,repent,каяться,E320,
,repentance,раскаяние,E320,
,Rephaim,Рефаим,EEBD,
,report,доклад,E22D,
,rescue,спасение,E214,
,Resen,Ресен,EEBE,
,rest,остальное,E121,
,result,результат,E237,
,resurrect,воскрешать,E329,
,resurrection,воскрешение,E329,
,Reu,РЭУ,EC74,
,Reuben,Рубен,ECC0,
,Reuel,Руэл,E1CE,
,Reumah,Реума,EFC4,
,reveal,раскрыть,E162,
,revenge,месть,ED0C,
,revile,ругать,E055,
,reward,награда,E02D,
,Rhegium,Регия,EC1D,
,Rhesa,Реза,EC75,
,Rhoda,Рода,EB92,
,Rhodes,Родос,EB25,
,rib,ребро,EEBF,
,right,право,E0F3,
,right_time,нужное_время,ED10,
,righteous,праведный,E090,
,righteous_person,праведник,E130,
,righteousness,праведность,E090,
,ring,кольцо,EBDF,
,ripe,спелый,E236,
,ripen,созревать,E154,
,Riphath,Рифат,EEC1,
,river,река,E30B,
,road,дорога,E23C,
,robber,грабитель,E0E9,
,rock,рок,E26A,
,Rome,Рим,EB16,
,room,комната,EB06,
,rooster,петух,E25D,
,root,корень,E15C,
,Rosh,Рош,E1D2,
,rough,грубый,EC99,
,Rufus,Руфус,E36E,
,ruler,правитель,E028,
,run,бежать,E258,
,Ruth,Рут,EA57,
,Sabbath,Шабаш,E160,
,Sabtah,Савта,EEC2,
,Sabteka,Сабтека,EEC3,
,sacrifice,жертвовать,E0B5,
,sad,грустный,E207,
,Sadducee,Саддукей,EA03,
,said,сказал,E03F,
,sail,парус,E267,
,saint,святой,E130,
,Salamis,Салями,EBE1,
,Salathiel,Салафиил,EC76,
,Salim,Салим,EBAE,
,Salmon,Лосось,EA53,
,Salmone,Сальмоне,EC15,
,Salome,Саломе,E379,
,salt,соль,E046,
,salvation,спасение,EB80,
,Samaria,Самария,EA83,
,Samaritan,Самаритянин,EA7B,
,same,такой_же,E24B,
,Samlah,Самла,EFB0,
,Samos,Самос,EC25,
,Samothrace,Самотраки,EB4C,
,Samson,Самсон,ED06,
,Samuel,Самуил,EB8E,
,sanctuary,святилище,EB01,
,sand,песок,ECFD,
,Sapphira,Сапфира,EB66,
,Sarah,Сара,EBD5,
,Sarai,Сара,EEC4,
,Sardis,Сардис,EBF7,
,Satan,Сатана,E335,
,Saul,Саул,EB54,
,save,сохранить,E214,
,savior,спаситель,EC85,
,scatter,разброс,EA34,
,Sceva,Скевы,EB19,
,scorpion,скорпион,EC77,
,scribe,писец,E12C,
,Scripture,Священна_ книга,E22C,
,Scythia,Скифия,ECEB,
,sea,море,E14D,
,Sea_of_Galilee,Галилейско_ море,E350,
,Sea_of_Reeds,Море_тростника,EB0C,
,Sea_of_Tiberias,Тивериадское_море,EBAF,
,seal,печать,E221,
,sealed,запечатанный,E221,
,search,поиск,E074,
,Seba,Себа,EEC5,
,secret,секрет,E186,
,sect,секта,EC33,
,Secundus,Секундус,EB1D,
,see,видеть,E238,
,seed,семя,E27A,
,Seir,Сейр,EEC6,
,Seleucia,Селевкия,EB42,
,self,сам,EA95,
,sell,продавать,E32B,
,Semien,Симен,EC9E,
,send,посылать,E075,
,sensuality,чувственность,E239,
,separate,разделять,E326,
,Sephar,Сефар,EEC7,
,Serah,Серах,E1D4,
,Sered,Серед,EDD1,
,Sergius,Сергий,EB45,
,Serug,Серуг,EC78,
,servant,слуга,E12D,
,serve,обслуживать,E08E,
,Seth,Сет,EC79,
,seven,семь,E292,
,sew,шить,E077,
,sex,секс,EA87,
,sexual_desire,сексуальное_желание,E239,
,shade,тень,E079,
,shake,трясти,E27D,
,shame,позор,E065,
,Shammah,Шамма,EFA0,
,share,делиться,E07A,
,Sharon,Шарон,EC2B,
,sharp,острый,EBF3,
,Shaul,Шауль,E1D5,
,shave,брить,EB27,
,Shaveh_Kiriathaim,Шаве_кириафаиме,EEC8,
,Shealtiel,Шеалтиэль,EA68,
,Sheba,Сава,EEC9,
,Shechem_city,Город_шехем,EC95,
,Shechem_man,Сихем_человек,EC97,
,sheep,овца,E270,
,Shelah,Шила,EC7A,
,Sheleph,Шелеф,EECA,
,Shem,Сим,EC7B,
,Shemeber,Шемевера,EECB,
,Sheol,Преисподняя,E0C9,
,shepherd,пасти,E271,
,Shepho,Шефо,E1D6,
,Shibah,Шива,E1D7,
,shield,щит,E388,
,Shillem,Шиллем,EDD5,
,Shiloh,Шило,E1D8,
,Shimron,Шимрон,EFE7,
,Shinab,Шинава,EECC,
,Shinar,Шинар,EECD,
,Shobal,Шовал,E1D9,
,shoe,башмак,E12E,
,shoulder,плечо,E132,
,shout,крик,E149,
,show,показывать,E162,
,Shua,Шуа,E1E7,
,Shuah,Шуа,EEEE,
,Shuni,Шуни,E0E0,
,Shur,Шур,E1DA,
,sick,больной,E20A,
,Siddim,Сиддим,EECE,
,side,сторона,E10D,
,Sidon_city,Сидон_Сити,E33C,
,Sidon_man,Сидонский_человек,EECF,
,sigh,вздыхать,E047,
,sign,знак,E0A9,
,Silas,Сила,EB41,
,silence,тишина,E185,
,Siloam,Силоам,EBB1,
,Silvanus,Силуан,ECA9,
,silver,серебро,EB2B,
,Simeon,Симеон,EA47,
,Simon,Саймон,EA47,
,Simon_Jesus_brother,Симона_брат_ Иисуса ,EA92,
,Simon_of_Cyrene,Симон_Киринеянин,E37C,
,Simon_Peter,Симон_Петр,E356,
,Simon_the_Canaanite,Симона_Кананита,E364,
,Simon_the_Leper,Симона_прокаженного,E0F8,
,sin,грех,E08F,
,sinful,грешный,E08F,
,sing,петь,E0E2,
,Sinites,Синиты,EED1,
,sinner,грешник,E151,
,sister,сестра,E00E,
,sisters,сестры,E00F,
,sit,сидеть,E298,
,Sitnah,Ситный,EED2,
,six,шесть,E291,
,skull,череп,E20F,
,sky,небо,EC8B,
,slave,рабыня,E10E,
,sleep,спать,E121,
,slow,медленный,E19C,
,small,маленький,E19B,
,smaller,меньше,E32E,
,smallest,наименьший,E397,
,smell,запах,E309,
,smoke,дым,EC03,
,smooth,гладкий,EC9A,
,Smyrna,Смирна,EBF5,
,snake,змея,E30C,
,snow,снег,EBFB,
,Sodom,Содом,EA8E,
,soft,мягкий,E268,
,soil,почва,E15B,
,sojourner,временный_житель,E158,
,soldier,солдат,E12F,
,Solomon,Соломон,EA32,
,some,некоторые,E29B,
,son,сын,E004,
,Son_of_Man,сын_человеческий,E352,
,song,песня,E0E2,
,sons,сыновья,E005,
,Sopater,Сопатер,EC20,
,sorcery,колдовство,EC8C,
,Sosipater,Сосипатр,EC20,
,Sosthenes,Состен,EB3C,
,soul,душа,E10F,
,sound,звук,EBE9,
,south,юг,EA31,
,sow,сеять,E07D,
,sower,сеятель,E133,
,space,пространство,E153,
,Spain,Испания,EBD6,
,speak,говорить,E03F,
,spend,тратить,E32A,
,spice,приправа,ECFE,
,spirit,дух,E187,
,spit,плевать,E048,
,split,расщеплять,E326,
,sponge,губка,EA18,
,spot,пятно,ED01,
,spy,шпион,ED07,
,Stachys,Стахис,EBD7,
,staff,персонал,E14C,
,stair,ступенька,E0D9,
,stand,стоять,E32C,
,star,звезда,E0C3,
,start,начало,E231,
,stay,остаться,E83B,
,steal,красть,E07B,
,stem,основа,EA01,
,Stephanas,Стефаны,EBEA,
,Stephen,Стивен,EB6B,
,stern,суровый,E266,
,stern_words,stern_words,ECA7,
,stewardship,руководство,E07C,
,stick,придерживаться,E398,
,Stoic,Стоик,EC06,
,stomach,желудок,E0C8,
,stop,остановить,E073,
,storehouse,склад,EC43,
,storm,буря,E27C,
,story,история,E22D,
,straight,прямой,E313,
,stranger,незнакомец,E069,
,strangled,задушенный,EB33,
,stream,течение,E30B,
,stretch,протяжение,E31C,
,string,строка,ECC7,
,strong,сильный,E08A,
,stumble,спотыкаться,E257,
,stumbling_block,камень_преткновения,EA27,
,Succoth,Суккот,E0A0,
,suffer,страдать,E222,
,suffering,страдающий,E222,
,summer,лето,E0C4,
,sun,солнце,E15F,
,sundown,закат,E161,
,Susanna,Сюзанна,EC7C,
,sweet,сладкий,E30D,
,sword,меч,E282,
,synagogue,синагога,E0B9,
,Syntyche,Синтихия,ECE6,
,Syracuse,Сиракузы,EC1C,
,Syria,Сирия,E342,
,tabernacle,шатер,EB32,
,table,стол,E280,
,Tahash,Тахаш,E1DB,
,tail,хвост,ECD6,
,take,брать,E088,
,Tamar,Фамарь,EA4E,
,tar,смола,EEB9,
,Tarshish_man,Фарсис_человек,EED3,
,Tarshish_village,Деревня_таршиш,EED4,
,Tarsus,Плюсна,EC30,
,taste,вкус,EA07,
,tax,налог,E02B,
,tax_collector,сборщик_налогов,E12A,
,teach,учить,E04C,
,teacher,учитель,E12B,
,teaching,обучение,E04C,
,Tebah,Теваха,E0B0,
,teeth,зубы,E0B1,
,Tema,Тема,EEED,
,Teman_land,Земля_феман ,E1E1,
,Teman_man,Теман_человек,EF90,
,temple,храм,E03D,
,tempt,искушать,E183,
,temptation,искушение,E183,
,ten,десять,E295,
,tent,палатка,EB32,
,Terah,Тера,EC7D,
,Tertius,Терций,EBEE,
,Tertullus,Тертуллус,EB9B,
,test,тест,EC21,
,testimony,свидетельство,E22E,
,Thaddaeus,Таддеус,E37B,
,thank,благодарить,E20E,
,that,тот,E184,
,them,их,E125,
,Theophilus,Феофил,EB67,
,therefore,следовательно,E066,
,Thessalonica,Фессалоники,EB12,
,Theudas,Теуды,EB71,
,they,они,E125,
,thief,вор,E0E9,
,thigh,бедро,ED0D,
,thing,вещь,E105,
,think,думать,E06C,
,think_opinion,подумайте_мнение,E06C,
,think_wonder,"думаю,_интересно",E06C,
,thirst,жажда,ECCF,
,thirsty,жаждущий,ECCF,
,this,этот,E226,
,Thomas,Томас,E363,
,thorn,шип,E27B,
,thought,мысль,E06C,
,thousand,тысяча,E296,
,three,три,E28E,
,threshing,молотьба,EA39,
,threshing_floor,гумно,EC42,
,throne,воссяду,EC84,
,through,through,E10B,
,throw,throw,E327,
,thunder,гром,E044,
,Thyatira,Фиатира,EB52,
,Tiberias,Тверия,EBB0,
,Tiberius,Тиберий,EC3D,
,Tidal,Tidal,EED5,
,tie,галстук,E30E,
,Tigris,Тигр,EED6,
,Timaeus,Timaeus,E36C,
,time,время,E16A,
,times,раз,E049,
,Timna_man,Тимна_человек,E0AD,
,Timna_woman,Тимна_женщина,EF80,
,Timnah,Timnah,E1DC,
,Timon,Тимон,EC96,
,Timothy,Тимоти,EC02,
,Tiras,Тирас,EED7,
,tithe,tithe,ED0F,
,Titus,Тит,EB38,
,to,от,E318,
,to_clothe,для_ткани,E147,
,to_plant,сажать,E07D,
,toe,Палец_ноги,E2C8,
,Togarmah,Тогарма,EED8,
,together_people,вместе_люди,E126,
,together_things,вместе_вещи,E108,
,Tola,Тола,E0C0,
,tomb,могила,E178,
,tongue,язык,E045,
,tool,инструмент,EB34,
,touch,оттенок,E10C,
,tower,башня,E30F,
,Trachonitis,Трахонит,EC3F,
,transfiguration,трансфигурация,E31F,
,transfigure,преображать,E31F,
,travel,путешествовать,E381,
,tree,дерево,E244,
,trial,пробный,EC87,
,tribe,племя,EA81,
,tribulation,мучение,E03E,
,trip,поездка,E381,
,triumph,триумф,EB14,
,Troas,Троас,EC0B,
,Trophimus,Трофим,EB1E,
,trouble,беда,E333,
,true,истинный,E09C,
,trumpet,труба,EA79,
,trust,доверять,E023,
,truth,правда,E09C,
,try,пробовать,EB94,
,Tryphaena,Tryphaena,EBD8,
,Tryphosa,Tryphosa,EBD9,
,Tubal,Тубал,EED9,
,Tubal_Cain,Тувал_Каина,EEEF,
,turn,разворот,E31E,
,twin,близнец,EC1B,
,two,два,E28D,
,Tychicus,Тихик,ECBB,
,type,тип,ED00,
,Tyrannus,Тираннус,EB3F,
,Tyre,Tyre,E33B,
,unbelief,безделица,E194,
,under,под,E10A,
,understand,понимать,E063,
,understanding,понимание,E063,
,unity,единство,E297,
,unleavened,пресный,E043,
,unrighteous,неправедный,E08F,
,unrighteousness,неправедность,E08F,
,untie,развязывать,E37F,
,until,До-тех-пор,E16C,
,up,вверх,E315,
,Ur,Ур,EFA5,
,Urbanus,Урбана,EBDA,
,Uriah,Урия,EA46,
,us,нам,E167,
,use,использовать,E08D,
,useful,полезный,E08D,
,useless,бесполезный,E190,
,Uz_land,Земля_УЗ,E1DD,
,Uz_man,Узман,EEF1,
,Uzal,Узал,EEF2,
,Uzziah,Озия,EA5F,
,valley,долина,EBA7,
,value,ценность,E09B,
,vendor,продавец,E0B4,
,vengeance,отмщение,ED0C,
,very,очень,E211,
,victory,победа,EB14,
,village,деревня,E19A,
,vine,лоза,EC91,
,vineyard,виноградник,E27F,
,virgin,Дева,EA7E,
,vision,видение,EA80,
,visit,посетить,E25A,
,voice,голос,E042,
,waist,талия,E391,
,wait,ждать,EA11,
,walk,валять,E256,
,wall,стена,E288,
,want,want,E020,
,war,явился,E283,
,warn,предупреждать,E19E,
,wash,мыть,E08B,
,watchman,сторож,E0A8,
,watchtower,сторожевая башня,E23A,
,water,вода,E247,
,wave,волна,E328,
,way,путь,E23C,
,we,мы,E167,
,weak,слабый,EA24,
,wealth,богатство,E029,
,wealthy,состоятельный,E029,
,weary,утомленный,EBFE,
,wedding,Веддинг,E011,
,week,неделя,EBB2,
,weigh,вес,E0E6,
,weight,вес,E0E6,
,well,волна,EBB3,
,west,запад,EA89,
,wet,мокрый,E247,
,what,что,E109,
,wheat,пшеница,E279,
,when,когда,E16A,
,where,где,E15A,
,whip,УИП,E310,
,whisper,шепот,E186,
,white,белый,E285,
,who,ВОЗ,E1A1,
,whole,весь,E251,
,why,почему?,E067,
,wide,широкий,ECC4,
,widow,вдова,E016,
,wife,жена,E014,
,wild,дикий,E17E,
,wilderness,пустыня,E156,
,will,хочу,E020,
,wind,ветры,E220,
,window,окно,E311,
,wine,вино,E275,
,wing,крыло,EB7D,
,wings,крылья,EB7D,
,winnowing_fork,лопата_вилка,EC41,
,winter,зима,E16B,
,wisdom,мудрость,E064,
,wise,мудрый,E064,
,with,с,E24C,
,witness,свидетель,E22E,
,woman,женщина,E008,
,wood,дерево,E244,
,wool,шерсть,EBFA,
,word,слово,EBB4,
,Word,Слово,EBB8,
,Word_of_God,слово Божье,E22C,
,work,работа,E08C,
,world,мир,E129,
,worm,червь,EA06,
,Wormwood,Вормвуд,ECD3,
,worry,беспокоиться,E056,
,worse,хуже,E182,
,worship,поклонение,E04B,
,worth,Уорт,E09B,
,worthy,достойный,E09B,
,wrap,обернуть,EA19,
,wrath_of_God,гнев Божий,E02A,
,write,писать,E29C,
,writer,писатель,E12C,
,wrong,неправильный,EA02,
,Yahweh,Яхве,E0C7,
,year,год,E15E,
,yellow,желтый,ECDB,
,yes,да,E09A,
,yoke,гнет,EB09,
,you,ты,E314,
,young,мокрый,E0F1,
,Zaavan,что,EF70,
,Zacchaeus,пшеница,EC7E,
,Zadok,когда,EA6D,
,Zarephath,где,EC7F,
,Zebedee,УИП,E359,
,Zeboyim,шепот,EEF3,
,Zebulun,белый,EA3F,
,Zechariah,ВОЗ,EA98,
,Zemarites,весь,EEF4,
,Zenas,Земас,ED09,
,Zepho,широкий,E1DE,
,Zephon,вдова,E0D0,
,Zerah,жена,EA4D,
,zero,ноль,E28B,
,Zerubbabel,Зоровавель,EA69,
,Zeus,Зевс,EB2D,
,Zibeon,Цивеон,EF60,
,Zillah,Зилла,EEF5,
,Zilpah,Зелфа,EFA6,
,Zimran,Зимран,E1DF,
,Zoar,Зоя,EEF6,
,Zohar,Зоар,EFA7,
,Zuzites,Зузиты,EEF7,
